room_id,name,title,price,rating_value,rating_reviewCount,bed_info,image_urls,latitude,longitude
45331539,Studio alto padrão no Umarizal,Apartamento ⋅ Belém,2754.91,5.0,4,1 quarto; 2 camas,https://a0.muscache.com/im/pictures/hosting/Hosting-U3RheVN1cHBseUxpc3Rpbmc6NDUzMzE1Mzk=/original/b4e46f5f-41dd-4dc0-843d-bbde31f3ab4a.jpeg; https://a0.muscache.com/im/pictures/hosting/Hosting-U3RheVN1cHBseUxpc3Rpbmc6NDUzMzE1Mzk=/original/e160d8f3-62fa-4ade-a58f-9510d3177ec8.jpeg; https://a0.muscache.com/im/pictures/hosting/Hosting-U3RheVN1cHBseUxpc3Rpbmc6NDUzMzE1Mzk=/original/ceeb9a6d-aa13-4928-804c-6c6b1ab63abc.jpeg; https://a0.muscache.com/im/pictures/hosting/Hosting-U3RheVN1cHBseUxpc3Rpbmc6NDUzMzE1Mzk=/original/cf76132b-055a-4bc7-b8cb-21fe6a688047.jpeg; https://a0.muscache.com/im/pictures/hosting/Hosting-U3RheVN1cHBseUxpc3Rpbmc6NDUzMzE1Mzk=/original/bb70589c-153c-4bc1-82ef-c27907496386.jpeg; https://a0.muscache.com/im/pictures/hosting/Hosting-U3RheVN1cHBseUxpc3Rpbmc6NDUzMzE1Mzk=/original/d664aac9-becb-4da3-abf9-778de085a59f.jpeg,-1.43934132309331,-48.49121394567971
1531110121855584800,Cobertura Privativa no Umarizal,Apartamento ⋅ Belém,667.76,0.0,0,1 quarto; 1 cama de casal,https://a0.muscache.com/im/pictures/hosting/Hosting-1531110121855584866/original/cd01f07a-fce4-4c16-ab45-970aee747104.jpeg; https://a0.muscache.com/im/pictures/hosting/Hosting-1531110121855584866/original/a70c30f8-841d-4484-8b57-62aaf096bb4c.jpeg; https://a0.muscache.com/im/pictures/hosting/Hosting-1531110121855584866/original/26bef61a-2cd1-41e4-bf0e-5d19823a2289.jpeg; https://a0.muscache.com/im/pictures/hosting/Hosting-1531110121855584866/original/e3f53bb8-680a-4eea-bda9-2f37b8e49d35.jpeg; https://a0.muscache.com/im/pictures/hosting/Hosting-1531110121855584866/original/fd197105-1f36-4966-af00-f15b719d85d5.jpeg; https://a0.muscache.com/im/pictures/hosting/Hosting-1531110121855584866/original/f200ac9e-c2d1-4ad8-9fab-ce4aa6684dbb.jpeg,-1.44616,-48.48578
605826375496430600,Apto um quarto com piscina perto do Bosque,Condomínio ⋅ Marco,1721.93,4.87,62,1 quarto; 2 camas,https://a0.muscache.com/im/pictures/057646b2-6bd5-4ed0-a75a-0038370fd2b6.jpg; https://a0.muscache.com/im/pictures/9c5917d5-f589-4529-b26d-52e70c620c1f.jpg; https://a0.muscache.com/im/pictures/4743fd6d-eeb5-4903-932a-b95da37c1db7.jpg; https://a0.muscache.com/im/pictures/bea4bbce-7c1f-43bb-8586-a6bb42ea5f6a.jpg; https://a0.muscache.com/im/pictures/0fe6e4a7-ca3d-43a2-a9c8-0aabdabe11db.jpg; https://a0.muscache.com/im/pictures/2bfca66d-0fd5-48ea-bc96-8e9717b006a6.jpg,-1.43216,-48.46253
1395198115350306300,Bayview Deluxe Umarizal,Apartamento ⋅ Belém,3984.98,5.0,20,1 quarto; 1 cama,https://a0.muscache.com/im/pictures/hosting/Hosting-U3RheVN1cHBseUxpc3Rpbmc6MTM5NTE5ODExNTM1MDMwNjM2Mg==/original/31377ef3-3581-4647-96af-6be5e4aadf99.jpeg; https://a0.muscache.com/im/pictures/hosting/Hosting-U3RheVN1cHBseUxpc3Rpbmc6MTM5NTE5ODExNTM1MDMwNjM2Mg==/original/87544457-0112-4abf-810c-bcea94515ac7.jpeg; https://a0.muscache.com/im/pictures/miso/Hosting-1395198115350306362/original/2f0468ee-e8c3-45a0-b85b-8a591ce9b2c5.png; https://a0.muscache.com/im/pictures/miso/Hosting-1395198115350306362/original/71118ceb-d368-4c2f-b593-0a1c4646f0f8.png; https://a0.muscache.com/im/pictures/miso/Hosting-1395198115350306362/original/f860349d-2133-4ff8-9704-d74722d76ce5.png; https://a0.muscache.com/im/pictures/miso/Hosting-1395198115350306362/original/4deeae39-b273-4499-8592-8ee7d4f94231.jpeg,-1.4401,-48.4915
1512523931462295000,Excelente suíte em apto com preço US$ 120/dia,Lugar para ficar em Belém,758.36,0.0,0,1 quarto; 1 cama,https://a0.muscache.com/im/pictures/hosting/Hosting-1512523931462294914/original/dcfbc6a6-b1c2-4238-8dac-17491a0f4779.jpeg; https://a0.muscache.com/im/pictures/hosting/Hosting-1512523931462294914/original/897915a9-7af5-443e-9d6a-e873c3c5b7c1.jpeg; https://a0.muscache.com/im/pictures/hosting/Hosting-1512523931462294914/original/a2825946-6b1f-454b-8b63-7d37b3d15986.jpeg; https://a0.muscache.com/im/pictures/hosting/Hosting-1512523931462294914/original/59f00035-9fdc-4f41-ad22-865ca6eea75b.jpeg; https://a0.muscache.com/im/pictures/hosting/Hosting-1512523931462294914/original/ee9eb1d7-7887-4d36-9ad4-30e235555551.jpeg; https://a0.muscache.com/im/pictures/hosting/Hosting-1512523931462294914/original/680a89b5-7599-425d-b675-068bdcd47e9f.jpeg,-1.4297686825482252,-48.48847695249146
1366752301964035600,Lindo apartamento localização perfeita COP30,Apartamento ⋅ Belém,1540.59,0.0,0,2 quartos; 1 cama,https://a0.muscache.com/im/pictures/hosting/Hosting-1366752301964035625/original/b35bd14c-0444-491f-ba6c-311a94f127c0.jpeg; https://a0.muscache.com/im/pictures/hosting/Hosting-1366752301964035625/original/5307e7be-e539-45bf-bc73-57a20554cc22.jpeg; https://a0.muscache.com/im/pictures/hosting/Hosting-1366752301964035625/original/63dac1b8-f881-4f44-9f22-c6a39365de90.jpeg; https://a0.muscache.com/im/pictures/hosting/Hosting-1366752301964035625/original/17fea1c2-a021-4354-b9a6-ebd8142c11bf.jpeg; https://a0.muscache.com/im/pictures/hosting/Hosting-1366752301964035625/original/a5cf8f74-a738-4e11-bce3-94dbcc5a06c2.jpeg; https://a0.muscache.com/im/pictures/hosting/Hosting-1366752301964035625/original/dbc6296a-35a1-4cd7-b057-55309202c72d.jpeg,-1.43398864373412,-48.47584480457896
1519139162638784800,apartamento confortável e moderno,Apartamento ⋅ Belém,4006.59,0.0,0,2 quartos; 2 camas,https://a0.muscache.com/im/pictures/hosting/Hosting-1519139162638784700/original/9cad47ff-0bf8-4e66-bc04-2b8efdffa0cd.jpeg; https://a0.muscache.com/im/pictures/hosting/Hosting-1519139162638784700/original/11682f46-81d1-4f25-b17d-242336e9d8be.jpeg; https://a0.muscache.com/im/pictures/hosting/Hosting-1519139162638784700/original/a0bc99f4-7438-48ad-babe-8ca6614d42bd.jpeg; https://a0.muscache.com/im/pictures/hosting/Hosting-1519139162638784700/original/836780a8-002e-473a-b952-3313e6f6a72f.jpeg; https://a0.muscache.com/im/pictures/hosting/Hosting-1519139162638784700/original/6191f1d4-4dba-46f7-9631-193426eb24ce.jpeg; https://a0.muscache.com/im/pictures/hosting/Hosting-1519139162638784700/original/244c01a5-abd5-44ed-af6f-300f513d190a.jpeg,-1.4171,-48.4631
1460840934310408000,Ap 2/4 na Doca em Prédio de Luxo,Apartamento ⋅ Belém,3402.35,0.0,0,2 quartos; 2 camas de casal,https://a0.muscache.com/im/pictures/hosting/Hosting-U3RheVN1cHBseUxpc3Rpbmc6MTQ2MDg0MDkzNDMxMDQwODAyNg==/original/417a5996-9978-4a46-9328-22b42ea2b516.jpeg; https://a0.muscache.com/im/pictures/miso/Hosting-1460840934310408026/original/ace1f2bf-433d-4d94-89aa-472a711da096.jpeg; https://a0.muscache.com/im/pictures/miso/Hosting-1460840934310408026/original/87962ccc-9adf-4042-b319-4a11f19b2e20.jpeg; https://a0.muscache.com/im/pictures/miso/Hosting-1460840934310408026/original/a7c633ce-008b-4d20-9801-b04d19aa777a.jpeg; https://a0.muscache.com/im/pictures/miso/Hosting-1460840934310408026/original/4f1179fd-f38d-48dc-be72-26a955ad419f.jpeg; https://a0.muscache.com/im/pictures/miso/Hosting-1460840934310408026/original/db9db27c-f0bd-4029-9005-7179410b9d0e.jpeg,-1.4401,-48.4915
1436226452459335700,Cobertura duplex com jacuzzi COP 30,Apartamento ⋅ Belém,10035.15,5.0,4,3 quartos; 3 camas,https://a0.muscache.com/im/pictures/hosting/Hosting-1436226452459335572/original/cde1b100-195d-4624-ace0-5ae547c24d80.jpeg; https://a0.muscache.com/im/pictures/hosting/Hosting-1436226452459335572/original/bb1770b9-dd0d-40d1-b24f-5ff84c8cb075.jpeg; https://a0.muscache.com/im/pictures/hosting/Hosting-1436226452459335572/original/03a0e4d4-29d8-4637-9d88-b1a95cfbd233.jpeg; https://a0.muscache.com/im/pictures/hosting/Hosting-1436226452459335572/original/ae9fbd7e-0880-49ae-9ddb-f55aaaf6f7cc.jpeg; https://a0.muscache.com/im/pictures/hosting/Hosting-1436226452459335572/original/8b99120b-23fb-4d16-8dd4-9ef588080cf6.jpeg; https://a0.muscache.com/im/pictures/hosting/Hosting-1436226452459335572/original/4dd8578c-18f5-4d2d-a54b-145792d63f44.jpeg,-1.4339763493438469,-48.45111369075643
1528232199030826500,Flat moderno e aconchegante,Loft ⋅ Belém,2602.61,0.0,0,1 quarto; 1 cama,https://a0.muscache.com/im/pictures/hosting/Hosting-1528232199030826401/original/42a2100a-380f-469e-bf64-eeba7e38f1e5.jpeg; https://a0.muscache.com/im/pictures/hosting/Hosting-1528232199030826401/original/b93e1178-efd3-4a88-91b9-034cc70f735d.jpeg; https://a0.muscache.com/im/pictures/hosting/Hosting-1528232199030826401/original/b8632538-5c58-4eea-8ea5-427f6f80e0e2.jpeg; https://a0.muscache.com/im/pictures/hosting/Hosting-1528232199030826401/original/83702fb8-1f20-400e-ae95-4749475194fe.jpeg; https://a0.muscache.com/im/pictures/hosting/Hosting-1528232199030826401/original/9b55527e-f729-4c29-a48f-92beaaba145d.jpeg; https://a0.muscache.com/im/pictures/hosting/Hosting-1528232199030826401/original/edf21b7f-27fc-47fd-a54b-9729098c4460.jpeg,-1.46824,-48.49176
1521279184593060000,Luxuoso Apartamento Exclusivo na COP30 - Belém,Apartamento ⋅ Belém,2032.54,0.0,0,3 quartos; 3 camas,https://a0.muscache.com/im/pictures/hosting/Hosting-1521279184593059994/original/0e95c8bf-d98e-45f3-af8c-326901cd4402.png; https://a0.muscache.com/im/pictures/hosting/Hosting-1521279184593059994/original/37d61a9d-610a-487d-9f84-8ae9f4760ff3.jpeg; https://a0.muscache.com/im/pictures/hosting/Hosting-1521279184593059994/original/51e0c4ea-9137-4aa5-8061-3f4171d208b2.jpeg; https://a0.muscache.com/im/pictures/hosting/Hosting-1521279184593059994/original/2c231b32-35a8-4afb-8848-e16e8b2508ff.jpeg; https://a0.muscache.com/im/pictures/hosting/Hosting-1521279184593059994/original/3469ff75-8245-402f-a163-d32c770a0073.jpeg; https://a0.muscache.com/im/pictures/hosting/Hosting-1521279184593059994/original/01f6ec9b-ca0b-4f17-8d26-5f55094e435a.jpeg,-1.46379,-48.48549
1426218432093364700,Chalé Nomad,Casa ⋅ Belém,3944.71,0.0,0,1 quarto; 1 cama,https://a0.muscache.com/im/pictures/hosting/Hosting-1426218432093364856/original/dded32e9-2174-4d6a-975d-e6414dfd4134.jpeg; https://a0.muscache.com/im/pictures/hosting/Hosting-1426218432093364856/original/889dc746-ee98-48cd-bb8b-3d415bad7c0a.jpeg; https://a0.muscache.com/im/pictures/hosting/Hosting-1426218432093364856/original/8af7aceb-efd6-4b00-a2a7-457fee2fd8e0.jpeg; https://a0.muscache.com/im/pictures/hosting/Hosting-1426218432093364856/original/210c1461-9e0c-4b7f-8fb1-cfe48e666c33.jpeg; https://a0.muscache.com/im/pictures/hosting/Hosting-1426218432093364856/original/59f333f5-0dcd-4ff3-bf57-e317693ed734.jpeg; https://a0.muscache.com/im/pictures/hosting/Hosting-1426218432093364856/original/e4fcf636-3a2b-475b-a6d9-ada18518566d.jpeg,-1.5058,-48.4938
53950548,Studio Unique Luxo c/ garagem,Apartamento ⋅ Belém,5188.64,4.95,55,1 quarto; 2 camas,https://a0.muscache.com/im/pictures/84486062-19c9-4ec8-9476-00de867bd634.jpg; https://a0.muscache.com/im/pictures/75d717fa-a93a-48d8-b159-57a602b93f90.jpg; https://a0.muscache.com/im/pictures/f0613037-095b-4ff0-8306-d80303a6b98f.jpg; https://a0.muscache.com/im/pictures/3ea24e9d-6a82-4a16-9167-a768c8ab9971.jpg; https://a0.muscache.com/im/pictures/c343fef6-f7f8-484d-9ae5-ee6fa6f9af48.jpg; https://a0.muscache.com/im/pictures/93f211b3-0d11-4506-8580-3fc6dfc76eb7.jpg,-1.44595,-48.47094
1496676224313734100,Apartamento para cop30,Apartamento ⋅ Belém,2904.78,0.0,0,1 quarto; 1 cama king,https://a0.muscache.com/im/pictures/hosting/Hosting-1496676224313734055/original/ff1dd6b1-ea41-4461-85d3-d0380acc68d0.jpeg; https://a0.muscache.com/im/pictures/hosting/Hosting-1496676224313734055/original/c2ca622c-08e8-45bd-bb1d-294f7d1ca1f5.jpeg; https://a0.muscache.com/im/pictures/hosting/Hosting-1496676224313734055/original/08b9974f-4723-4c45-93f7-1fa4d75bca3e.jpeg; https://a0.muscache.com/im/pictures/hosting/Hosting-1496676224313734055/original/fdb9afeb-d10b-4472-8a91-ce65c5ff9ad1.jpeg; https://a0.muscache.com/im/pictures/hosting/Hosting-1496676224313734055/original/6d89faf6-b19d-4e24-8d44-f364a4d6cc3c.jpeg; https://a0.muscache.com/im/pictures/hosting/Hosting-1496676224313734055/original/e981fd33-2ac0-429d-a335-f9cb170ba851.jpeg,-1.4401,-48.4915
1456639678062996000,Excelente para COP30 e Círio em Belém,Apartamento ⋅ Belém,4366.04,0.0,0,3 quartos; 6 camas,https://a0.muscache.com/im/pictures/hosting/Hosting-1456639678062996081/original/c21347c1-d16b-4709-a50d-bb46705c59d2.jpeg; https://a0.muscache.com/im/pictures/hosting/Hosting-1456639678062996081/original/0ca11339-ce62-4c96-8ebb-f39f62371ce9.jpeg; https://a0.muscache.com/im/pictures/hosting/Hosting-1456639678062996081/original/d1c1747a-c762-4333-ab14-2ba37c846954.jpeg; https://a0.muscache.com/im/pictures/hosting/Hosting-1456639678062996081/original/cdb9152b-7159-4b51-959b-39586af7537f.jpeg; https://a0.muscache.com/im/pictures/hosting/Hosting-1456639678062996081/original/fd308ad7-678c-45e5-a62b-5b3b2a41ee50.jpeg; https://a0.muscache.com/im/pictures/hosting/Hosting-1456639678062996081/original/26bd05ac-1103-4dde-9d49-b7e754b5e8a3.jpeg,-1.4316,-48.4611
1518965269735578600,Estadia Perfeita no coração de Belém,Apartamento ⋅ Belém,2592.24,0.0,0,1 quarto; 1 cama de casal,https://a0.muscache.com/im/pictures/hosting/Hosting-1518965269735578573/original/75eb0afe-29bf-439b-91e4-157a391b0b30.jpeg; https://a0.muscache.com/im/pictures/hosting/Hosting-1518965269735578573/original/f3ee2cbc-63b1-484d-8fc1-cc68ed1a0da6.jpeg; https://a0.muscache.com/im/pictures/hosting/Hosting-1518965269735578573/original/3dcd64bf-a7a9-48b2-82a4-9c29e82c19f8.jpeg; https://a0.muscache.com/im/pictures/hosting/Hosting-1518965269735578573/original/2a7e9c8c-4f7b-40ca-8970-5c8de4947808.jpeg; https://a0.muscache.com/im/pictures/hosting/Hosting-1518965269735578573/original/f50c16a4-dce8-4a42-a4b5-e9fe15fd94e4.jpeg; https://a0.muscache.com/im/pictures/hosting/Hosting-1518965269735578573/original/3e02d301-ea40-44ef-b8f1-95abe3ee82c2.jpeg,-1.4425,-48.4882
1486954052410811000,Apto Novíssimo arejado c varanda,Apartamento ⋅ Belém,1141.18,0.0,0,1 quarto; 1 cama,https://a0.muscache.com/im/pictures/hosting/Hosting-1486954052410810887/original/686400cc-48f4-4f42-94a3-cea3c635d8c0.jpeg; https://a0.muscache.com/im/pictures/hosting/Hosting-1486954052410810887/original/dce0c0ac-a87b-4623-8d7a-915d247fb0f4.jpeg; https://a0.muscache.com/im/pictures/hosting/Hosting-1486954052410810887/original/07ffa2a3-ee79-4cfe-8a92-bb8fe374e06b.jpeg; https://a0.muscache.com/im/pictures/hosting/Hosting-1486954052410810887/original/79c17573-dd39-42c0-858d-996934b7c8fd.jpeg; https://a0.muscache.com/im/pictures/hosting/Hosting-1486954052410810887/original/056960b6-117c-4594-a224-9402a8b30327.jpeg; https://a0.muscache.com/im/pictures/hosting/Hosting-1486954052410810887/original/f3db0580-f4a4-460a-95ff-3837f870a1c5.jpeg,-1.4307,-48.4633
1476337463591377000,Apartamento 2 Quartos Luxo COP30 100% climatizado.,Apartamento ⋅ Belém,4929.88,0.0,0,2 quartos; 1 cama de casal,https://a0.muscache.com/im/pictures/hosting/Hosting-1476337463591376938/original/f85fea39-26cb-469e-8821-8bd2d91399aa.jpeg; https://a0.muscache.com/im/pictures/hosting/Hosting-1476337463591376938/original/1d293de3-0e4a-4ef5-86d5-2f5775bdad7c.jpeg; https://a0.muscache.com/im/pictures/hosting/Hosting-1476337463591376938/original/09872aaa-065a-4427-b3e9-1abd3b1dbe83.jpeg; https://a0.muscache.com/im/pictures/hosting/Hosting-1476337463591376938/original/b404dbf6-409c-4909-ac04-e93c03b166fe.jpeg; https://a0.muscache.com/im/pictures/hosting/Hosting-1476337463591376938/original/784d3edb-2e63-4f5d-bda9-5b0bcc633ae7.jpeg; https://a0.muscache.com/im/pictures/hosting/Hosting-1476337463591376938/original/854a84aa-5bfe-40c0-8c10-a4a6146eb4dd.jpeg,-1.3903562914690437,-48.47077316634884
1522040884300761000,COP 30. Aluguel de Apto - de Frente para a Baía,Apartamento ⋅ Belém,3550.24,0.0,0,1 quarto; 2 camas,https://a0.muscache.com/im/pictures/hosting/Hosting-1522040884300761070/original/3b217959-f885-4d8b-9364-9ccce2992b18.jpeg; https://a0.muscache.com/im/pictures/hosting/Hosting-1522040884300761070/original/cf75372a-e9e5-4032-b99a-71d2faa978da.jpeg; https://a0.muscache.com/im/pictures/hosting/Hosting-1522040884300761070/original/6561f069-a678-4ce6-b7fd-41e136a88256.jpeg; https://a0.muscache.com/im/pictures/hosting/Hosting-1522040884300761070/original/418b7f73-6137-4c19-ac7a-049a65ce71aa.jpeg; https://a0.muscache.com/im/pictures/hosting/Hosting-1522040884300761070/original/b73ef9a9-cb7c-4b21-897e-c27ab36345bd.jpeg; https://a0.muscache.com/im/pictures/hosting/Hosting-1522040884300761070/original/f6bff983-c694-46dd-ba15-4c06e9ba41ed.jpeg,-1.44117,-48.49166
22075069,Apto de Luxo (Loft Duplex) área nobre (Doca),Apartamento ⋅ Belém,5020.91,5.0,4,1 quarto; 1 cama queen,https://a0.muscache.com/im/pictures/535a0b18-2e6b-4927-8b29-b6e77915508f.jpg; https://a0.muscache.com/im/pictures/hosting/Hosting-U3RheVN1cHBseUxpc3Rpbmc6MjIwNzUwNjk=/original/25bc9ab7-466e-4f82-9ca0-d1672a6b5ff9.jpeg; https://a0.muscache.com/im/pictures/hosting/Hosting-U3RheVN1cHBseUxpc3Rpbmc6MjIwNzUwNjk=/original/bac17a89-8fcc-4483-aecc-654247912522.jpeg; https://a0.muscache.com/im/pictures/hosting/Hosting-U3RheVN1cHBseUxpc3Rpbmc6MjIwNzUwNjk=/original/bed3701c-5fa8-4ed0-8ad7-0804717ebc87.jpeg; https://a0.muscache.com/im/pictures/hosting/Hosting-U3RheVN1cHBseUxpc3Rpbmc6MjIwNzUwNjk=/original/a83a4141-13b9-4cb0-b83f-3c9dc6ed55ea.jpeg; https://a0.muscache.com/im/pictures/hosting/Hosting-U3RheVN1cHBseUxpc3Rpbmc6MjIwNzUwNjk=/original/fb6ca796-2cb4-4924-928b-c2c3c1bf1fe0.jpeg,-1.44705,-48.48388
1402500655822154200,Casa de hóspedes,Casa de hóspedes ⋅ Belém,3423.53,0.0,0,1 quarto; 2 camas,https://a0.muscache.com/im/pictures/miso/Hosting-1402500655822154345/original/ed457b2e-d00e-4221-99c8-55306074b6ba.jpeg; https://a0.muscache.com/im/pictures/miso/Hosting-1402500655822154345/original/34335dc4-5e05-414c-ac54-791202d7fd7e.jpeg; https://a0.muscache.com/im/pictures/miso/Hosting-1402500655822154345/original/3666aa18-4225-4762-b6a3-d24b636f7b9e.jpeg; https://a0.muscache.com/im/pictures/miso/Hosting-1402500655822154345/original/5d313ef7-4ebd-4aa8-80d9-733d49a04119.jpeg; https://a0.muscache.com/im/pictures/miso/Hosting-1402500655822154345/original/a2063433-907f-4cbd-8223-582ca228ed17.jpeg; https://a0.muscache.com/im/pictures/miso/Hosting-1402500655822154345/original/729c7668-00d7-4d81-b8c2-1515f256c2e0.jpeg,-1.4703123894003465,-48.45754216280853
1391214323790500400,"Bayview Umarizal, Belém",Apartamento ⋅ Belém,3846.89,5.0,11,1 quarto; 1 cama queen,https://a0.muscache.com/im/pictures/hosting/Hosting-1391214323790500319/original/0ddafc4a-ab44-4c1b-a58e-8bd5bbdcb0e3.jpeg; https://a0.muscache.com/im/pictures/hosting/Hosting-U3RheVN1cHBseUxpc3Rpbmc6MTM5MTIxNDMyMzc5MDUwMDMxOQ==/original/be5139d0-1b3f-47a4-804b-b6e2c71af5d8.jpeg; https://a0.muscache.com/im/pictures/hosting/Hosting-U3RheVN1cHBseUxpc3Rpbmc6MTM5MTIxNDMyMzc5MDUwMDMxOQ==/original/ccb1b3d0-aba7-499d-ac7b-c7f3bb2b52c4.jpeg; https://a0.muscache.com/im/pictures/hosting/Hosting-U3RheVN1cHBseUxpc3Rpbmc6MTM5MTIxNDMyMzc5MDUwMDMxOQ==/original/f061eb5c-6258-45c5-8708-ebbd061f9d98.jpeg; https://a0.muscache.com/im/pictures/hosting/Hosting-U3RheVN1cHBseUxpc3Rpbmc6MTM5MTIxNDMyMzc5MDUwMDMxOQ==/original/2ff99574-7d02-494e-908b-c5799264adf6.jpeg; https://a0.muscache.com/im/pictures/hosting/Hosting-U3RheVN1cHBseUxpc3Rpbmc6MTM5MTIxNDMyMzc5MDUwMDMxOQ==/original/a9866a42-eee9-4ac0-9d37-a3e03eb134a1.jpeg,-1.4401,-48.4915
1400536615545346300,Loft Duplex com garagem,Apartamento ⋅ Belém,5087.33,5.0,12,1 quarto; 1 cama,https://a0.muscache.com/im/pictures/hosting/Hosting-1400536615545346415/original/0afdffce-0cf5-4cef-9791-756d0913074e.jpeg; https://a0.muscache.com/im/pictures/hosting/Hosting-1400536615545346415/original/5bd706d0-5e12-4dd0-b83a-6513afc4f09d.jpeg; https://a0.muscache.com/im/pictures/hosting/Hosting-1400536615545346415/original/4161a5ac-a1f6-400e-a944-bf93034ec4d1.jpeg; https://a0.muscache.com/im/pictures/hosting/Hosting-1400536615545346415/original/1bd4e4c9-6960-44b3-abf8-386e9602efb4.jpeg; https://a0.muscache.com/im/pictures/hosting/Hosting-1400536615545346415/original/94f1dfdf-3042-4e54-b8bb-ac6f552d5090.jpeg; https://a0.muscache.com/im/pictures/hosting/Hosting-1400536615545346415/original/b2154768-177f-45d7-a00f-50e62f7c2e86.jpeg,-1.4473242810598568,-48.4838383103749
1527130556846457000,Loft em Belém Ideal para COP30,Apartamento ⋅ Belém,3004.94,0.0,0,1 quarto; 2 camas,https://a0.muscache.com/im/pictures/hosting/Hosting-1527130556846457131/original/22f9e23e-6fac-4fb6-b087-29e0f7fca863.jpeg; https://a0.muscache.com/im/pictures/hosting/Hosting-1527130556846457131/original/f8964024-9a22-44a6-85dc-2c59afefee05.jpeg; https://a0.muscache.com/im/pictures/hosting/Hosting-1527130556846457131/original/4b58e13c-44bb-4f7f-81a7-0d0321a85e2c.jpeg; https://a0.muscache.com/im/pictures/hosting/Hosting-1527130556846457131/original/b153a235-8e7a-4ff7-bad9-956bfb8e966b.jpeg; https://a0.muscache.com/im/pictures/hosting/Hosting-1527130556846457131/original/89817269-4b8f-401f-9e39-e4a585957507.jpeg; https://a0.muscache.com/im/pictures/hosting/Hosting-1527130556846457131/original/db997f7c-00d6-4936-9f61-9e9d8e1e9e27.jpeg,-1.446262729248168,-48.47039770066793
1524754928296664800,cop 30 apartamento luxuoso,Apartamento ⋅ Belém,1916.0,0.0,0,2 quartos; 2 camas,https://a0.muscache.com/im/pictures/hosting/Hosting-1524754928296664715/original/2d0da80a-1d20-4fe7-946e-72891ef3ffbb.jpeg; https://a0.muscache.com/im/pictures/hosting/Hosting-1524754928296664715/original/41e3309f-8057-4efb-8ccc-d452913b1214.jpeg; https://a0.muscache.com/im/pictures/hosting/Hosting-1524754928296664715/original/3e868e05-cd2e-42f7-aaf9-d1f61c4efb9c.jpeg; https://a0.muscache.com/im/pictures/hosting/Hosting-1524754928296664715/original/77949281-8b96-43f6-8c08-9241a51ef3f9.jpeg; https://a0.muscache.com/im/pictures/hosting/Hosting-1524754928296664715/original/e19e2387-a5b0-4780-bb99-f0f00705dec7.jpeg; https://a0.muscache.com/im/pictures/hosting/Hosting-1524754928296664715/original/a8f1d9e6-dfa1-4baa-b25c-8a750b46b8f6.jpeg,-1.46504,-48.48681
673205503647321100,Loft encantador com vista para baia e piscina,Loft ⋅ Belém,5085.25,4.99,68,1 quarto; 2 camas,https://a0.muscache.com/im/pictures/4dab4a4b-58a9-47f8-9767-1de975a27f53.jpg; https://a0.muscache.com/im/pictures/d428dfd1-e8aa-4658-894b-6a9e5e582de3.jpg; https://a0.muscache.com/im/pictures/beeda4b3-6626-4398-ad0c-9ccf18aad1a7.jpg; https://a0.muscache.com/im/pictures/2dfec462-3108-4fff-a674-ef83e546419a.jpg; https://a0.muscache.com/im/pictures/bc558c46-7fce-49a5-ad9d-3f995fa990b5.jpg; https://a0.muscache.com/im/pictures/1bd26609-1624-4a10-8eb3-d38089485d1f.jpg,-1.43899,-48.49062
1511872870770218500,Clube do condomínio de apartamentos - Ekoara Tower,Apartamento ⋅ Belém,6424.83,0.0,0,3 quartos; 3 camas queen,https://a0.muscache.com/im/pictures/hosting/Hosting-1511872870770218480/original/faa3d4fe-025b-4f62-8173-5f1302980ae5.jpeg; https://a0.muscache.com/im/pictures/hosting/Hosting-1511872870770218480/original/a0c90799-0371-47f8-922f-a9ada96f39a8.jpeg; https://a0.muscache.com/im/pictures/hosting/Hosting-1511872870770218480/original/6a52e90a-a650-41f8-820a-54a9481c97be.jpeg; https://a0.muscache.com/im/pictures/hosting/Hosting-1511872870770218480/original/f2f088b8-6ca4-4b6e-b6f5-960caf7b9e0d.jpeg; https://a0.muscache.com/im/pictures/hosting/Hosting-1511872870770218480/original/1cfbca83-8825-40c7-851d-7d75a1970338.jpeg; https://a0.muscache.com/im/pictures/hosting/Hosting-1511872870770218480/original/c4dc37ab-df2f-4b2b-a573-52367b53175c.jpeg,-1.4328,-48.4546
1498563221861048000,Apartamento confortável Cop30,Apartamento ⋅ Belém,2866.78,0.0,0,2 quartos; 2 camas de casal,https://a0.muscache.com/im/pictures/hosting/Hosting-1498563221861048055/original/9f302b72-082c-48e8-86e4-e18293038eee.jpeg; https://a0.muscache.com/im/pictures/hosting/Hosting-1498563221861048055/original/b038e13a-fc2e-4b3a-8bb6-78c625f1c4f5.jpeg; https://a0.muscache.com/im/pictures/hosting/Hosting-1498563221861048055/original/840c0fc8-08f2-4690-8e5e-a6817bb1329c.jpeg; https://a0.muscache.com/im/pictures/hosting/Hosting-1498563221861048055/original/65894120-129e-4ec9-a413-ed256f7b4875.jpeg; https://a0.muscache.com/im/pictures/hosting/Hosting-1498563221861048055/original/245b5d9b-73f4-4f37-a0c3-8b3af57efcd5.jpeg; https://a0.muscache.com/im/pictures/hosting/Hosting-1498563221861048055/original/fc10ef77-cd40-4893-a010-6a0ff7a6ad01.jpeg,-1.4652,-48.4888
1497475772414253000,Loft Mobiliado - Em Belém,Apartamento ⋅ Belém,3381.18,0.0,0,1 quarto; 1 cama,https://a0.muscache.com/im/pictures/hosting/Hosting-1497475772414253067/original/b6b917ea-c9ed-470e-84d7-d49c3adb6944.jpeg; https://a0.muscache.com/im/pictures/hosting/Hosting-1497475772414253067/original/0537ddf0-6da3-4c71-b633-e3c9e850298f.jpeg; https://a0.muscache.com/im/pictures/hosting/Hosting-1497475772414253067/original/6a6ec183-0044-4aa4-8327-33d0f4e7ff24.jpeg; https://a0.muscache.com/im/pictures/hosting/Hosting-1497475772414253067/original/88fac4d2-f246-4af2-9655-9bfead76b864.jpeg; https://a0.muscache.com/im/pictures/hosting/Hosting-1497475772414253067/original/f7e82293-95e0-41a6-a5f8-a263c93b4f89.jpeg; https://a0.muscache.com/im/pictures/hosting/Hosting-1497475772414253067/original/23343f73-2add-49fc-b581-969cb009a868.jpeg,-1.4672430437342416,-48.490857541470284
37738956,Viva uma experiência inesquecível em Belém do Pará,Apartamento ⋅ Belém,5687.19,4.88,278,2 quartos; 3 camas,https://a0.muscache.com/im/pictures/76d90b8d-698e-4f78-8e22-df0b50b50408.jpg; https://a0.muscache.com/im/pictures/0a1b5778-2ae5-48ff-a1a7-9b283b554927.jpg; https://a0.muscache.com/im/pictures/c099960a-9d32-451b-a986-087a696b6b4d.jpg; https://a0.muscache.com/im/pictures/dcd07267-195d-46e0-9617-41f7155c97d7.jpg; https://a0.muscache.com/im/pictures/c666168e-5327-45ef-ad3e-237481527e5d.jpg; https://a0.muscache.com/im/pictures/4eb46caf-a143-457b-9af6-a2265b3efc49.jpg,-1.44638,-48.4864
1488686354065723000,"Apartamento em Belém, hangar e COP30Moderno",Condomínio ⋅ Belém,3606.56,0.0,0,2 quartos; 3 camas,https://a0.muscache.com/im/pictures/hosting/Hosting-U3RheVN1cHBseUxpc3Rpbmc6MTQ4ODY4NjM1NDA2NTcyMjgzNg==/original/a33198ee-69ec-419a-90ad-35f2d60d7cca.jpeg; https://a0.muscache.com/im/pictures/hosting/Hosting-U3RheVN1cHBseUxpc3Rpbmc6MTQ4ODY4NjM1NDA2NTcyMjgzNg==/original/b822455b-0c9e-4cfa-b4cf-a96a216d5a90.jpeg; https://a0.muscache.com/im/pictures/hosting/Hosting-U3RheVN1cHBseUxpc3Rpbmc6MTQ4ODY4NjM1NDA2NTcyMjgzNg==/original/7a8bb1cc-3bec-4ffa-b01b-3efeec7a8021.jpeg; https://a0.muscache.com/im/pictures/hosting/Hosting-U3RheVN1cHBseUxpc3Rpbmc6MTQ4ODY4NjM1NDA2NTcyMjgzNg==/original/11cc2fe1-cca7-46d3-9d19-0b1d31fc9775.jpeg; https://a0.muscache.com/im/pictures/hosting/Hosting-U3RheVN1cHBseUxpc3Rpbmc6MTQ4ODY4NjM1NDA2NTcyMjgzNg==/original/8ba067cf-c502-4532-85bf-9cdbe8751eb0.jpeg; https://a0.muscache.com/im/pictures/hosting/Hosting-U3RheVN1cHBseUxpc3Rpbmc6MTQ4ODY4NjM1NDA2NTcyMjgzNg==/original/128d6392-a853-4147-b4df-37734ef7c10c.jpeg,-1.40335,-48.45083
1521697645901073400,Apartamento de Luxo Exclusivo para a COP30,Apartamento ⋅ Belém,6677.65,0.0,0,1 quarto; 1 cama,https://a0.muscache.com/im/pictures/hosting/Hosting-1521697645901073444/original/34f800b8-3db1-4df6-8326-c0d47effd8bd.jpeg; https://a0.muscache.com/im/pictures/hosting/Hosting-1521697645901073444/original/ce78de24-9e6b-42d7-9673-c5da8bccbf50.jpeg; https://a0.muscache.com/im/pictures/hosting/Hosting-1521697645901073444/original/bebb2a64-fc4b-49c5-a61c-e64f5068124f.jpeg; https://a0.muscache.com/im/pictures/hosting/Hosting-1521697645901073444/original/0a0b0dc1-86c5-46fe-9c85-67bbf6c4a0f6.jpeg; https://a0.muscache.com/im/pictures/hosting/Hosting-1521697645901073444/original/f89337f7-c65a-4f88-8955-fe889c83c9a1.jpeg; https://a0.muscache.com/im/pictures/hosting/Hosting-1521697645901073444/original/6c9fbebf-75b8-474d-a817-6f08eb796c04.jpeg,-1.4469,-48.4767
807465713862192000,Loft completamente mobiliado.,Loft ⋅ Belém,2618.85,4.8,80,1 quarto; 2 camas,https://a0.muscache.com/im/pictures/miso/Hosting-807465713862191946/original/91705eaa-54da-4fda-87c3-35fbb54231a3.jpeg; https://a0.muscache.com/im/pictures/miso/Hosting-807465713862191946/original/659a84c5-61c6-45aa-9cea-f34a90c4cd45.jpeg; https://a0.muscache.com/im/pictures/miso/Hosting-807465713862191946/original/25115257-1fd4-41b1-a03e-f0bc8aebd47d.jpeg; https://a0.muscache.com/im/pictures/miso/Hosting-807465713862191946/original/53aa0299-20d5-47a9-ad07-81029e4578d6.jpeg; https://a0.muscache.com/im/pictures/miso/Hosting-807465713862191946/original/fa2a4587-c477-4954-8264-d4c0cf15430b.jpeg; https://a0.muscache.com/im/pictures/miso/Hosting-807465713862191946/original/1636d4f0-feb3-4658-b857-ff0428d4b05a.jpeg,-1.4672,-48.4909
1437132039244709600,Apartamento Moderno no Centro de Belém,Quarto em Belém,1232.47,5.0,21,1 cama de casal,https://a0.muscache.com/im/pictures/miso/Hosting-1437030181505347986/original/f9353793-01fd-46fb-a569-561bd03b3413.jpeg; https://a0.muscache.com/im/pictures/hosting/Hosting-U3RheVN1cHBseUxpc3Rpbmc6MTQzNzAzMDE4MTUwNTM0Nzk4Ng==/original/20a3b422-cb9e-400e-808f-e368bff0d569.jpeg; https://a0.muscache.com/im/pictures/hosting/Hosting-U3RheVN1cHBseUxpc3Rpbmc6MTQzNzAzMDE4MTUwNTM0Nzk4Ng==/original/53ab7c2b-c7b5-4e40-be64-be6638083e57.jpeg; https://a0.muscache.com/im/pictures/miso/Hosting-1437030181505347986/original/ad87209a-8562-4a83-818a-91f5e53118c4.jpeg; https://a0.muscache.com/im/pictures/hosting/Hosting-U3RheVN1cHBseUxpc3Rpbmc6MTQzNzAzMDE4MTUwNTM0Nzk4Ng==/original/fe8184ad-7df0-41d6-b5f5-8a84fcddd7d6.jpeg; https://a0.muscache.com/im/pictures/miso/Hosting-1437030181505347986/original/d3cbd452-b863-4ad6-a198-1203e4cb8f7d.jpeg,-1.45989,-48.49389
1531177746468807700,Apartamento edifício lá residence - COP 30,Apartamento ⋅ Belém,2897.14,0.0,0,2 quartos; 2 camas,https://a0.muscache.com/im/pictures/hosting/Hosting-1531177746468807716/original/e879c800-06c2-443e-8eab-1753ec690258.jpeg; https://a0.muscache.com/im/pictures/hosting/Hosting-1531177746468807716/original/cf8039bd-4cd7-4aa4-a78b-d98e3df61c09.jpeg; https://a0.muscache.com/im/pictures/hosting/Hosting-1531177746468807716/original/4993c968-da29-4fe2-8a92-588cde8048b9.jpeg; https://a0.muscache.com/im/pictures/hosting/Hosting-1531177746468807716/original/8e2af1d4-d577-413e-9c4c-544421079c82.jpeg; https://a0.muscache.com/im/pictures/hosting/Hosting-1531177746468807716/original/8b4062b3-8035-4824-b22f-ecfe07446895.jpeg; https://a0.muscache.com/im/pictures/hosting/Hosting-1531177746468807716/original/22eb8f08-2867-423a-ab74-9ca7c98421ed.jpeg,-1.4553585379995078,-48.48818421323185
1424956840696203500,Cop30 Conforto e Localização,Apartamento ⋅ Belém,3650.73,0.0,0,2 quartos; 2 camas,https://a0.muscache.com/im/pictures/miso/Hosting-1424956840696203621/original/fd8b0c5e-c825-4c4f-b47b-5b9a2a2544fd.jpeg; https://a0.muscache.com/im/pictures/miso/Hosting-1424956840696203621/original/cc0d4345-e7a3-40c5-9a13-cf2008d3eda3.jpeg; https://a0.muscache.com/im/pictures/miso/Hosting-1424956840696203621/original/0f6b868a-b3a4-4f22-aca5-a17725304e24.jpeg; https://a0.muscache.com/im/pictures/miso/Hosting-1424956840696203621/original/b6ad2c51-45d0-42fd-bf37-58c8b2fb3a55.jpeg; https://a0.muscache.com/im/pictures/miso/Hosting-1424956840696203621/original/66b084be-5cd8-453b-8f59-585a33a2b2c5.jpeg; https://a0.muscache.com/im/pictures/miso/Hosting-1424956840696203621/original/68eea3e2-d959-45e4-a08c-07351d1ff1a8.jpeg,-1.4411426397069216,-48.49055794740472
1498618565329020000,Apartamento COP30 — Marco Stay,Apartamento ⋅ Belém,4006.59,0.0,0,2 quartos; 2 camas,https://a0.muscache.com/im/pictures/hosting/Hosting-1498618565329019994/original/1b617cf4-73ea-44a2-93b9-45a89a9a5eb6.jpeg; https://a0.muscache.com/im/pictures/hosting/Hosting-1498618565329019994/original/b66f0a74-7590-48f7-a5a4-539b50c5e3cb.jpeg; https://a0.muscache.com/im/pictures/hosting/Hosting-1498618565329019994/original/8c25989d-e2ba-48b7-ab55-ef1df1f54a31.jpeg; https://a0.muscache.com/im/pictures/hosting/Hosting-1498618565329019994/original/870963fe-ab98-4941-bd05-4b38f9b03e16.jpeg; https://a0.muscache.com/im/pictures/hosting/Hosting-1498618565329019994/original/6dd0d615-e21f-44a4-86b0-d510339aa981.jpeg; https://a0.muscache.com/im/pictures/hosting/Hosting-1498618565329019994/original/7d556597-13c8-47fc-ac2f-479bfbad612e.jpeg,-1.4338829163016857,-48.467571344933326
1515883563593004500,Quarto com banheiro em Batista Campos,Lugar para ficar em Belém,669.26,0.0,0,1 quarto; 1 cama,https://a0.muscache.com/im/pictures/hosting/Hosting-1441273002727533191/original/da29b92e-c4a9-4ee3-9039-751a00334538.jpeg; https://a0.muscache.com/im/pictures/hosting/Hosting-1441273002727533191/original/cfb4619d-c80a-49d0-ae6c-f2b517adabb3.jpeg; https://a0.muscache.com/im/pictures/hosting/Hosting-1515883563593004640/original/ee0ab8f7-7bb1-4f1a-b365-ef2767ff8e5f.jpeg; https://a0.muscache.com/im/pictures/hosting/Hosting-1515883563593004640/original/5c013d0b-06fc-46e8-9906-31f7a12299c7.jpeg; https://a0.muscache.com/im/pictures/hosting/Hosting-1515883563593004640/original/51c8b27d-b289-4678-a852-40c62141b0e6.jpeg; https://a0.muscache.com/im/pictures/hosting/Hosting-1515883563593004640/original/01a586e9-495c-48b6-880c-e7038ced6dbb.jpeg,-1.4622630496031945,-48.492568197223314
1521206411462447000,Apartamento Belém-PA COP30 - Ed.MISTRAL 2 quartos,Apartamento ⋅ Belém,2852.94,0.0,0,2 quartos; 2 camas,https://a0.muscache.com/im/pictures/hosting/Hosting-1521206411462447015/original/d001368b-caf8-4b09-94ce-664e123151bf.jpeg; https://a0.muscache.com/im/pictures/hosting/Hosting-1521206411462447015/original/99c2fea6-84c4-41c3-81d9-d25d232fd1be.jpeg; https://a0.muscache.com/im/pictures/hosting/Hosting-1521206411462447015/original/6fed092d-407c-498d-ada4-46a6c30f4335.jpeg; https://a0.muscache.com/im/pictures/hosting/Hosting-1521206411462447015/original/e74d1509-6dec-4018-b60d-d1c7d80e20de.jpeg; https://a0.muscache.com/im/pictures/hosting/Hosting-1521206411462447015/original/d52e1e27-90cc-42b8-9f94-e0b366628bff.jpeg; https://a0.muscache.com/im/pictures/hosting/Hosting-1521206411462447015/original/79e13eb7-9e0a-4fc7-985e-d23ac985599e.jpeg,-1.4618468685903296,-48.47772884698953
1527153028166140200,Acomodação Perfeita para a COP30 em Belém,Apartamento ⋅ Belém,2282.35,0.0,0,2 quartos; 2 camas,https://a0.muscache.com/im/pictures/hosting/Hosting-1527153028166140124/original/41788127-3968-4a23-8c67-8182e01ddc17.jpeg; https://a0.muscache.com/im/pictures/hosting/Hosting-1527153028166140124/original/c2efa79e-dbac-4bb0-ac15-8cd8b791ddbe.jpeg; https://a0.muscache.com/im/pictures/hosting/Hosting-1527153028166140124/original/03d2f648-9965-4cc2-aa92-317138301340.jpeg; https://a0.muscache.com/im/pictures/hosting/Hosting-1527153028166140124/original/b508f82e-f252-472f-b62b-9fa6b0ec36f3.jpeg; https://a0.muscache.com/im/pictures/hosting/Hosting-1527153028166140124/original/8e244c91-9493-4329-8bcd-ef395fb62086.jpeg; https://a0.muscache.com/im/pictures/hosting/Hosting-1527153028166140124/original/3d5df4fe-6e0e-4229-8287-a17bdfa07090.jpeg,-1.438,-48.4703
22075069,Apto de Luxo (Loft Duplex) área nobre (Doca),Apartamento ⋅ Belém,5020.91,5.0,4,1 quarto; 1 cama queen,https://a0.muscache.com/im/pictures/535a0b18-2e6b-4927-8b29-b6e77915508f.jpg; https://a0.muscache.com/im/pictures/hosting/Hosting-U3RheVN1cHBseUxpc3Rpbmc6MjIwNzUwNjk=/original/25bc9ab7-466e-4f82-9ca0-d1672a6b5ff9.jpeg; https://a0.muscache.com/im/pictures/hosting/Hosting-U3RheVN1cHBseUxpc3Rpbmc6MjIwNzUwNjk=/original/bac17a89-8fcc-4483-aecc-654247912522.jpeg; https://a0.muscache.com/im/pictures/hosting/Hosting-U3RheVN1cHBseUxpc3Rpbmc6MjIwNzUwNjk=/original/bed3701c-5fa8-4ed0-8ad7-0804717ebc87.jpeg; https://a0.muscache.com/im/pictures/hosting/Hosting-U3RheVN1cHBseUxpc3Rpbmc6MjIwNzUwNjk=/original/a83a4141-13b9-4cb0-b83f-3c9dc6ed55ea.jpeg; https://a0.muscache.com/im/pictures/hosting/Hosting-U3RheVN1cHBseUxpc3Rpbmc6MjIwNzUwNjk=/original/fb6ca796-2cb4-4924-928b-c2c3c1bf1fe0.jpeg,-1.44705,-48.48388
1523541314401729800,Casa Combú Chalé III,Lugar para ficar em Belém,1369.41,0.0,0,1 cama,https://a0.muscache.com/im/pictures/hosting/Hosting-1523541314401729862/original/7a4b15d1-5f86-4dee-b720-2dd7307ae8e7.jpeg; https://a0.muscache.com/im/pictures/hosting/Hosting-1523541314401729862/original/f050d299-d7e2-4ff4-a93a-dc1ca3130bd0.jpeg; https://a0.muscache.com/im/pictures/hosting/Hosting-1523541314401729862/original/eca28924-dc11-411e-8a5a-43f6408a6416.jpeg; https://a0.muscache.com/im/pictures/hosting/Hosting-1523541314401729862/original/3b213ce2-d147-467a-8be7-f48ffa00735d.jpeg; https://a0.muscache.com/im/pictures/hosting/Hosting-1523541314401729862/original/7f52bf6d-71a1-4ea2-9f7f-f582b11227d1.jpeg; https://a0.muscache.com/im/pictures/hosting/Hosting-1523541314401729862/original/b9c9b18b-d91b-488b-85cb-3af1a4949548.jpeg,-1.493758486859095,-48.48569543540919
1400536615545346300,Loft Duplex com garagem,Apartamento ⋅ Belém,5087.33,5.0,12,1 quarto; 1 cama,https://a0.muscache.com/im/pictures/hosting/Hosting-1400536615545346415/original/0afdffce-0cf5-4cef-9791-756d0913074e.jpeg; https://a0.muscache.com/im/pictures/hosting/Hosting-1400536615545346415/original/5bd706d0-5e12-4dd0-b83a-6513afc4f09d.jpeg; https://a0.muscache.com/im/pictures/hosting/Hosting-1400536615545346415/original/4161a5ac-a1f6-400e-a944-bf93034ec4d1.jpeg; https://a0.muscache.com/im/pictures/hosting/Hosting-1400536615545346415/original/1bd4e4c9-6960-44b3-abf8-386e9602efb4.jpeg; https://a0.muscache.com/im/pictures/hosting/Hosting-1400536615545346415/original/94f1dfdf-3042-4e54-b8bb-ac6f552d5090.jpeg; https://a0.muscache.com/im/pictures/hosting/Hosting-1400536615545346415/original/b2154768-177f-45d7-a00f-50e62f7c2e86.jpeg,-1.4473242810598568,-48.4838383103749
1448459159950075600,Apto de luxo COP30 Breeze-5min do Parque da Cidade,Apartamento ⋅ Belém,4700.29,0.0,0,2 quartos; 3 camas,https://a0.muscache.com/im/pictures/hosting/Hosting-1448459159950075713/original/1c1950d5-99ed-41b3-b9f8-66cd693682b4.jpeg; https://a0.muscache.com/im/pictures/hosting/Hosting-1448459159950075713/original/bb50bf81-5180-4af5-ae6a-c68000484410.jpeg; https://a0.muscache.com/im/pictures/hosting/Hosting-1448459159950075713/original/e9c7a987-d1ed-4099-ad9f-4f245c1b7c19.jpeg; https://a0.muscache.com/im/pictures/hosting/Hosting-1448459159950075713/original/4baa50e9-de80-4681-ac3e-aefe231d158a.jpeg; https://a0.muscache.com/im/pictures/hosting/Hosting-1448459159950075713/original/87d7fac1-3b69-4943-bc3d-4bdfe0f3f83a.jpeg; https://a0.muscache.com/im/pictures/hosting/Hosting-1448459159950075713/original/a0214338-96d0-4529-8dc0-aa9503b7b77d.jpeg,-1.39037,-48.46879
46392321,Exclusivo FLAT-Mobiliado_Rio-Elba403,Apartamento ⋅ Marco,2567.65,5.0,4,1 quarto; 3 camas,https://a0.muscache.com/im/pictures/703804dd-6845-4575-90b2-6cf64f02789c.jpg; https://a0.muscache.com/im/pictures/9c30610d-6923-4d56-a263-7a1cf6b4364c.jpg; https://a0.muscache.com/im/pictures/3d9aadec-d014-4011-9468-e2f490bbf29f.jpg; https://a0.muscache.com/im/pictures/0008ecae-f947-40dc-b97a-569c0682c816.jpg; https://a0.muscache.com/im/pictures/d28c3e47-e48f-4261-8c5b-a0862cd5d492.jpg; https://a0.muscache.com/im/pictures/0a900489-cf78-47b4-9a49-358110b34661.jpg,-1.43245,-48.45349
1521711931530945300,Apartamento aconchegante cop 30 proximo do evento,Apartamento ⋅ Belém,3806.26,0.0,0,3 quartos; 6 camas,https://a0.muscache.com/im/pictures/hosting/Hosting-1521711931530945263/original/fdd8a223-3316-49bc-808e-53348fc546f1.jpeg; https://a0.muscache.com/im/pictures/hosting/Hosting-1521711931530945263/original/c1185557-f879-416e-b1d7-c1affd964b57.jpeg; https://a0.muscache.com/im/pictures/hosting/Hosting-1521711931530945263/original/33ff5962-14e3-4df2-9df4-7e8034b15f41.jpeg; https://a0.muscache.com/im/pictures/hosting/Hosting-1521711931530945263/original/f64b0b84-a439-42d0-b957-d4f12b8d20b3.jpeg; https://a0.muscache.com/im/pictures/hosting/Hosting-1521711931530945263/original/90e21a80-3191-4625-a596-65dd13c6973f.jpeg; https://a0.muscache.com/im/pictures/hosting/Hosting-1521711931530945263/original/c137e05e-b099-4bc8-8991-11a974708d16.jpeg,-1.43882,-48.47065
1524140536591629600,Apartamento de Alto Padrão no Umarizal,Apartamento ⋅ Belém,6847.06,0.0,0,3 quartos; 3 camas,https://a0.muscache.com/im/pictures/hosting/Hosting-1524140536591629573/original/85c55dfd-c009-4aa9-9edd-36007f4b2006.jpeg; https://a0.muscache.com/im/pictures/hosting/Hosting-1524140536591629573/original/288cc28e-4aca-491b-9775-6fc6a448a659.jpeg; https://a0.muscache.com/im/pictures/hosting/Hosting-1524140536591629573/original/f9acdcc3-0f6a-47d7-8d47-d63c4fabf4a0.jpeg; https://a0.muscache.com/im/pictures/hosting/Hosting-1524140536591629573/original/bf98a315-0530-4375-a2cb-7960ba0cb39a.jpeg; https://a0.muscache.com/im/pictures/hosting/Hosting-1524140536591629573/original/75985466-caa7-47fe-b740-d5a2da97a6b6.jpeg; https://a0.muscache.com/im/pictures/hosting/Hosting-1524140536591629573/original/7aebb8ec-9914-4175-b735-0bba7b76aa5e.jpeg,-1.4449,-48.4844
1354492403112037000,Recanto da Laura - Conforto e Estilo,Apartamento ⋅ Belém,2868.5,5.0,6,2 quartos; 3 camas,https://a0.muscache.com/im/pictures/miso/Hosting-1354492403112037164/original/69d64dec-00f6-4b69-bd5b-68a7bfe48e95.jpeg; https://a0.muscache.com/im/pictures/miso/Hosting-1354492403112037164/original/5eae87bb-a3f7-4236-a848-2a1e5908bdad.jpeg; https://a0.muscache.com/im/pictures/miso/Hosting-1354492403112037164/original/91783bdf-44ca-4e48-a3c8-d770158e21f4.jpeg; https://a0.muscache.com/im/pictures/miso/Hosting-1354492403112037164/original/dd236db6-48a0-4077-82bd-f85317fdd934.jpeg; https://a0.muscache.com/im/pictures/miso/Hosting-1354492403112037164/original/395b4f0f-c1c7-4616-914e-d05d4fba143b.jpeg; https://a0.muscache.com/im/pictures/miso/Hosting-1354492403112037164/original/2316701c-80db-448d-bab6-de7b2b7676a4.jpeg,-1.4457660947208288,-48.47102919739165
1444336382037067000,Estúdio Mobiliado T&F,Apartamento ⋅ Belém,2738.82,0.0,0,1 quarto; 1 cama,https://a0.muscache.com/im/pictures/hosting/Hosting-1444336382037067040/original/d5564f4f-7b28-4135-8dd3-f79a6a190128.jpeg; https://a0.muscache.com/im/pictures/hosting/Hosting-1444336382037067040/original/2de5f644-790d-4af5-9f96-03ea75428088.jpeg; https://a0.muscache.com/im/pictures/hosting/Hosting-1444336382037067040/original/075c6433-299f-4af2-a453-08258d8ef86c.jpeg; https://a0.muscache.com/im/pictures/hosting/Hosting-1444336382037067040/original/dbf35486-26c7-4ab4-827a-62e3a2dc94b5.jpeg; https://a0.muscache.com/im/pictures/hosting/Hosting-1444336382037067040/original/53473646-b7e8-4951-8896-9712f429f264.jpeg; https://a0.muscache.com/im/pictures/hosting/Hosting-1444336382037067040/original/36e2471d-588f-4502-90bf-afb7d36ca99c.jpeg,-1.458,-48.489
1523792679273021200,Ilha de Murano COP 30,Apartamento ⋅ Belém,5705.89,0.0,0,3 quartos; 3 camas,https://a0.muscache.com/im/pictures/hosting/Hosting-1523792679273021130/original/6429fa2b-9d94-489c-823f-b1c1101f8d57.jpeg; https://a0.muscache.com/im/pictures/hosting/Hosting-1523792679273021130/original/a7ef90ee-bb7f-4d45-ae30-2acd3a1997f2.jpeg; https://a0.muscache.com/im/pictures/hosting/Hosting-1523792679273021130/original/ec47b045-e334-4211-8f24-69bae8c4a997.jpeg; https://a0.muscache.com/im/pictures/hosting/Hosting-1523792679273021130/original/78bc3d11-6fce-4ba1-a696-ac3f87c1e82a.jpeg; https://a0.muscache.com/im/pictures/hosting/Hosting-1523792679273021130/original/af4e8619-ad27-4505-87c7-9f18ec3773c0.jpeg; https://a0.muscache.com/im/pictures/hosting/Hosting-1523792679273021130/original/a79ad068-deec-4d95-aba0-933a1ff9430f.jpeg,-1.3883662801222487,-48.470156240109006
1523930892075366100,COP30 Apartamento Duplex- Estadia Premium em Belém,Apartamento ⋅ Belém,5322.03,0.0,0,1 quarto; 2 camas,https://a0.muscache.com/im/pictures/hosting/Hosting-1523930892075366037/original/bee95dbf-0934-4a91-9c91-35dade767542.jpeg; https://a0.muscache.com/im/pictures/hosting/Hosting-1523930892075366037/original/11fc0214-37ae-4ef5-b733-da918eb6cd6c.jpeg; https://a0.muscache.com/im/pictures/hosting/Hosting-1523930892075366037/original/f8dfe1b6-4f42-474a-8c43-7193423fde3f.jpeg; https://a0.muscache.com/im/pictures/hosting/Hosting-1523930892075366037/original/168c47c2-cf95-465d-ac4c-a92d9cafd375.jpeg; https://a0.muscache.com/im/pictures/hosting/Hosting-1523930892075366037/original/3537c5af-8c9b-49d3-9c61-ddeded5ec054.jpeg; https://a0.muscache.com/im/pictures/hosting/Hosting-1523930892075366037/original/cdd3e00a-a1bd-4804-8491-d66bc3a529b3.jpeg,-1.4470257728847786,-48.4852612674692
1525320875476955600,#2 Sofisticado Estúdio em Batista Campos,Loft ⋅ Belém,5349.53,0.0,0,1 quarto; 2 camas,https://a0.muscache.com/im/pictures/hosting/Hosting-1525320875476955651/original/0a81f2f3-cb7c-4593-8115-a894be0484e6.jpeg; https://a0.muscache.com/im/pictures/hosting/Hosting-1525320875476955651/original/4fceb582-e2ae-4528-83dc-b9e7fb187df0.jpeg; https://a0.muscache.com/im/pictures/hosting/Hosting-1525320875476955651/original/ea0affef-73e5-4ba1-889b-ecedfe2111e6.jpeg; https://a0.muscache.com/im/pictures/hosting/Hosting-1525320875476955651/original/96438bff-0fdd-41d6-9fc7-37e624c82c70.jpeg; https://a0.muscache.com/im/pictures/hosting/Hosting-1525320875476955651/original/3a67ac4a-38dc-4dd5-ab24-79c5f098dfe1.jpeg; https://a0.muscache.com/im/pictures/hosting/Hosting-1525320875476955651/original/bcaad4ee-3711-4695-ac95-00253a5b68c6.jpeg,-1.458,-48.489
1496473729617980000,Acomodação COP30,Apartamento ⋅ Belém,6410.54,0.0,0,2 quartos; 2 camas,https://a0.muscache.com/im/pictures/hosting/Hosting-1496473729617979857/original/58b89d8f-79f4-4251-9806-fcb558db5986.jpeg; https://a0.muscache.com/im/pictures/hosting/Hosting-1496473729617979857/original/c24414be-9017-49e2-9490-2a41f621cb6c.jpeg; https://a0.muscache.com/im/pictures/hosting/Hosting-1496473729617979857/original/968113c1-e6a8-4340-9e6c-cbb78899abee.jpeg; https://a0.muscache.com/im/pictures/hosting/Hosting-1496473729617979857/original/ed780e15-48a9-45ce-8b0b-088fd08d6e17.jpeg; https://a0.muscache.com/im/pictures/hosting/Hosting-1496473729617979857/original/ac2e96be-9d5d-44fd-83da-6b2e2ba9cd91.jpeg; https://a0.muscache.com/im/pictures/hosting/Hosting-1496473729617979857/original/9aa1e6ba-d03b-40cb-a522-d8f894addc7b.jpeg,-1.3913,-48.4695
1524640808770390800,Loft Moderno no Mandarim,Apartamento ⋅ Belém,8165.12,0.0,0,2 camas de solteiro,https://a0.muscache.com/im/pictures/hosting/Hosting-1524640808770390892/original/87d214c4-0d8c-4f2d-b1c1-f595ef8b5628.jpeg; https://a0.muscache.com/im/pictures/hosting/Hosting-1524640808770390892/original/c8de405b-1ab4-440f-8812-db6424972297.jpeg; https://a0.muscache.com/im/pictures/hosting/Hosting-1524640808770390892/original/5cb9650c-4634-4880-81e9-82c89a948d06.jpeg; https://a0.muscache.com/im/pictures/hosting/Hosting-1524640808770390892/original/a2a2e9e1-0df4-4499-9017-d8dfd6487e28.jpeg; https://a0.muscache.com/im/pictures/hosting/Hosting-1524640808770390892/original/77ef1837-5dca-450d-9fa0-c90db5b0ec3f.jpeg; https://a0.muscache.com/im/pictures/hosting/Hosting-1524640808770390892/original/a720328c-2406-4463-ae0e-12df381deea0.jpeg,-1.4401,-48.4915
1382569722799298600,Apartamento COP30.,Apartamento ⋅ Belém,9201.92,0.0,0,3 quartos; 3 camas,https://a0.muscache.com/im/pictures/miso/Hosting-1382569722799298435/original/03cf5731-2212-47dd-a099-a64ea766d016.jpeg; https://a0.muscache.com/im/pictures/miso/Hosting-1382569722799298435/original/b6092b7d-6e3e-4e21-8472-3557495b8343.jpeg; https://a0.muscache.com/im/pictures/miso/Hosting-1382569722799298435/original/73dd4b6d-2f85-49c5-9011-9e9b6833d898.jpeg; https://a0.muscache.com/im/pictures/miso/Hosting-1382569722799298435/original/41e11eff-f204-4f17-8170-32828c1a40ab.jpeg; https://a0.muscache.com/im/pictures/miso/Hosting-1382569722799298435/original/6ecdf4e2-8f13-4c3d-ad5a-0859767882a9.jpeg; https://a0.muscache.com/im/pictures/miso/Hosting-1382569722799298435/original/6d7468d0-4399-4ea1-92d8-b58ff2af5049.jpeg,-1.3892,-48.4692
1460879615486272800,Studio na Amazônia,Apartamento ⋅ Belém,4861.92,5.0,3,1 quarto; 2 camas,https://a0.muscache.com/im/pictures/hosting/Hosting-1460879615486272738/original/5fff0393-47cc-44ab-8c53-13acfa439e65.jpeg; https://a0.muscache.com/im/pictures/hosting/Hosting-1460879615486272738/original/7477cb38-a683-4bcf-baaf-d95b0720ddb1.jpeg; https://a0.muscache.com/im/pictures/hosting/Hosting-1460879615486272738/original/b19f18d7-288f-4e55-af34-d8c5a6e38ee9.jpeg; https://a0.muscache.com/im/pictures/hosting/Hosting-1460879615486272738/original/26ffdea4-2cd6-4417-9736-5e3b7611e9d2.jpeg; https://a0.muscache.com/im/pictures/hosting/Hosting-1460879615486272738/original/19482fa5-cb1b-4a81-870d-32449b5f95e3.jpeg; https://a0.muscache.com/im/pictures/hosting/Hosting-1460879615486272738/original/eab39c03-a4de-43d8-b8ca-52872c6b526e.jpeg,-1.4466,-48.47
1337675906643010300,09 Luxury Suíte  Radisson Maiorana,Hotel ⋅ Belém,10118.12,4.76,17,1 quarto; 1 cama,https://a0.muscache.com/im/pictures/hosting/Hosting-1337675906643010197/original/fb36674b-7b34-49c4-8d8d-8ae3f57b37ab.jpeg; https://a0.muscache.com/im/pictures/hosting/Hosting-1337675906643010197/original/be95cf9b-37de-4fad-8d99-e324f859979f.jpeg; https://a0.muscache.com/im/pictures/hosting/Hosting-1337675906643010197/original/a9225a77-778b-486d-be2a-72fea0a9b56a.jpeg; https://a0.muscache.com/im/pictures/hosting/Hosting-1337675906643010197/original/1717423f-f1f2-47b6-83ea-6f5c7cf596dc.jpeg; https://a0.muscache.com/im/pictures/hosting/Hosting-1337675906643010197/original/50f07af4-eac9-44e6-b741-d7fc69c9b4e4.jpeg; https://a0.muscache.com/im/pictures/hosting/Hosting-1337675906643010197/original/f44aefe5-0d7d-47a3-9baa-d56c1e0528c6.jpeg,-1.4547,-48.4892
1401060832346937900,Apartamento completo e confortável,Apartamento ⋅ Belém,5705.89,0.0,0,2 quartos; 2 camas,https://a0.muscache.com/im/pictures/hosting/Hosting-1401060832346937776/original/4272523c-2a2e-4189-9a7d-ea460809af1a.jpeg; https://a0.muscache.com/im/pictures/hosting/Hosting-1401060832346937776/original/695bd448-0c72-4d49-adbb-9105d10d1e82.jpeg; https://a0.muscache.com/im/pictures/hosting/Hosting-1401060832346937776/original/605f2b1d-ceaf-41e9-8384-20af82b50bef.jpeg; https://a0.muscache.com/im/pictures/hosting/Hosting-1401060832346937776/original/c7be17bf-4cba-4d8b-87ee-434732ceb601.jpeg; https://a0.muscache.com/im/pictures/hosting/Hosting-1401060832346937776/original/18f001de-3d4b-44cc-811b-3473d4900589.jpeg; https://a0.muscache.com/im/pictures/hosting/Hosting-1401060832346937776/original/4e833959-85cc-44b8-8962-a09aeccccfbc.jpeg,-1.4612682401493906,-48.479645832352865
1453515727415024600,Linda Casa nova em Cond Fechado próx Cop30,Casa ⋅ Belém,8451.82,0.0,0,4 quartos; 5 camas,https://a0.muscache.com/im/pictures/hosting/Hosting-1453515727415024643/original/5d6eb0f0-5ffd-4ff6-a537-9c33c5646b31.jpeg; https://a0.muscache.com/im/pictures/hosting/Hosting-1453515727415024643/original/753d795d-1c41-42a6-b75c-389479e5c854.jpeg; https://a0.muscache.com/im/pictures/hosting/Hosting-1453515727415024643/original/a6bd8f54-9e1e-441a-a2fb-daf6eda13931.jpeg; https://a0.muscache.com/im/pictures/hosting/Hosting-1453515727415024643/original/c8c3b228-592c-4628-93b4-004267b3239d.jpeg; https://a0.muscache.com/im/pictures/hosting/Hosting-1453515727415024643/original/c2649ae8-7725-457d-bc78-3d9b499f67f3.jpeg; https://a0.muscache.com/im/pictures/hosting/Hosting-1453515727415024643/original/f6e3330b-fde0-4993-8f26-f25caed276be.jpeg,-1.3869,-48.4463
1514444515297411000,Apartamento Premium na COP 30 (Estadia Premium),Apartamento ⋅ Belém,6276.47,0.0,0,2 quartos; 2 camas,https://a0.muscache.com/im/pictures/hosting/Hosting-1514444515297411123/original/2d74239c-422a-4788-a7bf-96c0265488ae.jpeg; https://a0.muscache.com/im/pictures/hosting/Hosting-1514444515297411123/original/4b826176-b894-4920-8eb6-233b55e25f63.jpeg; https://a0.muscache.com/im/pictures/hosting/Hosting-1514444515297411123/original/5d0ba238-370a-4cd7-93fd-cee79c665da7.jpeg; https://a0.muscache.com/im/pictures/hosting/Hosting-1514444515297411123/original/931097b1-52b6-4dc6-8828-ebd2abf93af3.jpeg; https://a0.muscache.com/im/pictures/hosting/Hosting-1514444515297411123/original/b0405a0c-5de8-4f93-a63a-667c1b1040bf.jpeg; https://a0.muscache.com/im/pictures/hosting/Hosting-1514444515297411123/original/fa291591-ecfd-4afd-8bea-035278f57975.jpeg,-1.4359,-48.4605
1522011449456300000,Excelente apartamento luxo,Apartamento ⋅ Belém,5809.63,0.0,0,3 quartos; 3 camas,https://a0.muscache.com/im/pictures/hosting/Hosting-1522011449456300088/original/ee483c0f-825f-4d3a-9535-9f7a23cdbaed.jpeg; https://a0.muscache.com/im/pictures/hosting/Hosting-1522011449456300088/original/4fc84d9e-1ea1-4a2f-9616-f85af6622978.jpeg; https://a0.muscache.com/im/pictures/hosting/Hosting-1522011449456300088/original/b296be04-e1e9-486e-8583-9a4812573f29.jpeg; https://a0.muscache.com/im/pictures/hosting/Hosting-1522011449456300088/original/afcdcd4b-ecd1-450a-b4ab-04a6748119a5.jpeg; https://a0.muscache.com/im/pictures/hosting/Hosting-1522011449456300088/original/d8fb1f38-ea8d-4c2f-9b13-201ee0199f7f.jpeg; https://a0.muscache.com/im/pictures/hosting/Hosting-1522011449456300088/original/c2b8c0ff-0679-48a1-9429-0a0e95a3b0c5.jpeg,-1.3917,-48.4692
1498530654630702300,Village Prime Umarizal – 3 Suítes + Lazer Completo,Apartamento ⋅ Belém,9273.6,0.0,0,1 quarto; 1 cama,https://a0.muscache.com/im/pictures/hosting/Hosting-1498530654630702277/original/75d2d339-f3f3-47ba-838c-26e3b26b75b9.png; https://a0.muscache.com/im/pictures/hosting/Hosting-1498530654630702277/original/3db16e3b-4e67-443b-9b6c-919113c23a60.png; https://a0.muscache.com/im/pictures/hosting/Hosting-1498530654630702277/original/1a6c8f97-efbb-4e36-86f1-d513ca479625.png; https://a0.muscache.com/im/pictures/hosting/Hosting-1498530654630702277/original/683646b2-ffc5-4dd8-ba38-5b0cb28e6e59.png; https://a0.muscache.com/im/pictures/hosting/Hosting-1498530654630702277/original/fd1ee790-1dec-42fd-b363-4e2f5ba5e3cf.png; https://a0.muscache.com/im/pictures/hosting/Hosting-1498530654630702277/original/129d717c-0564-4a51-a721-5f48fb05014f.png,-1.4389,-48.4898
1487052585873837300,Casa inteira com 5 banheiros - 12 pessoas (até 15),Casa ⋅ Belém,8903.53,0.0,0,4 quartos; 7 camas,https://a0.muscache.com/im/pictures/hosting/Hosting-1487052585873837286/original/5a2d2835-e0c3-448b-8aa3-7f1103ac7cb1.jpeg; https://a0.muscache.com/im/pictures/hosting/Hosting-1487052585873837286/original/f767dd11-3464-4e32-8bf4-08b860fccead.jpeg; https://a0.muscache.com/im/pictures/hosting/Hosting-1487052585873837286/original/0a8b766b-32c3-4211-8140-68bdfdab1005.jpeg; https://a0.muscache.com/im/pictures/hosting/Hosting-U3RheVN1cHBseUxpc3Rpbmc6MTQ4NzA1MjU4NTg3MzgzNzI4Ng==/original/13a68957-af25-4d76-adc0-aeadc5e11b49.jpeg; https://a0.muscache.com/im/pictures/hosting/Hosting-U3RheVN1cHBseUxpc3Rpbmc6MTQ4NzA1MjU4NTg3MzgzNzI4Ng==/original/542e2c34-06bb-4388-a1c7-45d48e056da7.jpeg; https://a0.muscache.com/im/pictures/hosting/Hosting-U3RheVN1cHBseUxpc3Rpbmc6MTQ4NzA1MjU4NTg3MzgzNzI4Ng==/original/82f78289-f12c-46a9-a314-cbf61128fd2d.jpeg,-1.4719,-48.4565
1343100352743731000,Apartamento de luxo em Belém,Apartamento ⋅ Belém,6777.92,0.0,0,4 quartos; 7 camas,https://a0.muscache.com/im/pictures/hosting/Hosting-1343100352743730953/original/decf9f36-7606-488d-88a7-c4a7dc3884f4.jpeg; https://a0.muscache.com/im/pictures/hosting/Hosting-1343100352743730953/original/c2e5d3a3-002d-4f5f-a242-e0e9494067d3.jpeg; https://a0.muscache.com/im/pictures/hosting/Hosting-1343100352743730953/original/fe1ee675-6ce4-4686-adf9-9488c20afa34.jpeg; https://a0.muscache.com/im/pictures/hosting/Hosting-1343100352743730953/original/21fcbf0f-2e3a-4e3c-a7f3-c00ae789a69d.jpeg; https://a0.muscache.com/im/pictures/hosting/Hosting-1343100352743730953/original/9e06045b-95f9-41dd-99ac-6c650604ae06.jpeg; https://a0.muscache.com/im/pictures/hosting/Hosting-1343100352743730953/original/bae8e954-0c36-4d83-9b9a-9619e76320bd.jpeg,-1.438586896158572,-48.48629933300568
1525446670089128400,Apartamento COP 30 (próximo aos eventos),Apartamento ⋅ Belém,4451.77,0.0,0,2 quartos; 3 camas,https://a0.muscache.com/im/pictures/hosting/Hosting-1525446670089128373/original/5644569f-41e4-4640-bb7a-6ff0733d5dd9.jpeg; https://a0.muscache.com/im/pictures/hosting/Hosting-1525446670089128373/original/7980f38c-51f9-4ad2-a0da-563295ae68af.jpeg; https://a0.muscache.com/im/pictures/hosting/Hosting-1525446670089128373/original/b22d24fa-3171-4d81-9a4d-c688eef01734.jpeg; https://a0.muscache.com/im/pictures/hosting/Hosting-1525446670089128373/original/03f36908-64f9-4797-a9d2-5c6d87e1f8ce.jpeg; https://a0.muscache.com/im/pictures/hosting/Hosting-1525446670089128373/original/4fa67f3a-9cff-43e9-919d-5066c10a2d36.jpeg; https://a0.muscache.com/im/pictures/hosting/Hosting-1525446670089128373/original/0297ec89-6d48-448e-b78d-cbae618504f6.jpeg,-1.4434,-48.4651
1498652813530127600,Ed. athenas Future - 2/4 - apto 2205,Apartamento ⋅ Belém,5087.33,0.0,0,2 quartos; 2 camas,https://a0.muscache.com/im/pictures/hosting/Hosting-1498652813530127625/original/04691ea1-5bc9-4a2f-b432-81f9932781c7.jpeg; https://a0.muscache.com/im/pictures/hosting/Hosting-1498652813530127625/original/b3a62b75-c1fb-402f-9f5b-5a1b562b3018.jpeg; https://a0.muscache.com/im/pictures/hosting/Hosting-1498652813530127625/original/00aac6fe-ca06-400d-ac7b-7836cab9055f.jpeg; https://a0.muscache.com/im/pictures/hosting/Hosting-1498652813530127625/original/36e56cf1-5b22-41a0-b8c0-6e5a9209c5af.jpeg; https://a0.muscache.com/im/pictures/hosting/Hosting-1498652813530127625/original/5ec46ec2-747e-4971-89e3-ae9b66766d9b.jpeg; https://a0.muscache.com/im/pictures/hosting/Hosting-1498652813530127625/original/8767aa39-4b1b-4fab-b8a3-910cda8b5572.jpeg,-1.4355,-48.4774
1450050061935864800,Mistral na Cop30!,Apartamento ⋅ Belém,5705.89,0.0,0,2 quartos; 2 camas,https://a0.muscache.com/im/pictures/hosting/Hosting-1450050061935864839/original/dbd87ff3-6d0e-4b28-a59a-94af23b1c937.jpeg; https://a0.muscache.com/im/pictures/hosting/Hosting-1450050061935864839/original/6752d35a-1852-4530-8589-28008198eaa6.jpeg; https://a0.muscache.com/im/pictures/hosting/Hosting-1450050061935864839/original/069e84d5-7fab-4996-bf6c-44d7ccd91c23.jpeg; https://a0.muscache.com/im/pictures/hosting/Hosting-1450050061935864839/original/e0dbbf69-90f0-4bd7-9a02-8d348e1a73be.jpeg; https://a0.muscache.com/im/pictures/hosting/Hosting-1450050061935864839/original/0a3e1232-a062-4652-9984-924c40c10124.jpeg; https://a0.muscache.com/im/pictures/hosting/Hosting-1450050061935864839/original/c9797c6c-691f-4fba-9c87-0a6eb5318daf.jpeg,-1.4609,-48.4784
37848113,Loft moderno com vista para Baía,Apartamento ⋅ Belém,8558.83,0.0,0,1 quarto; 2 camas queen,https://a0.muscache.com/im/pictures/73e4d533-dac2-472f-b3c3-1d762259f4a1.jpg; https://a0.muscache.com/im/pictures/hosting/Hosting-37848113/original/6a1d19d7-380b-4e20-94b9-ad51816e3786.jpeg; https://a0.muscache.com/im/pictures/hosting/Hosting-37848113/original/72e71f6d-ac54-4982-b3e6-18d9a1b79d8e.jpeg; https://a0.muscache.com/im/pictures/hosting/Hosting-37848113/original/c7ec6f72-3e33-40d9-9579-0cab68370871.jpeg; https://a0.muscache.com/im/pictures/hosting/Hosting-37848113/original/c6d1c9a6-0c90-4256-b0a8-580e758d982c.jpeg; https://a0.muscache.com/im/pictures/hosting/Hosting-37848113/original/4f6db8d7-4b44-433f-a9f0-aacc361919d6.jpeg,-1.4405467276745667,-48.491031313374656
1527582778387314000,Casa alto padrão para alugar COP 30,Casa ⋅ Belém,6847.06,0.0,0,4 quartos; 4 camas,https://a0.muscache.com/im/pictures/hosting/Hosting-1527582778387313995/original/dbe97ff1-0fa7-4bff-a72d-fd57f82ed98b.png; https://a0.muscache.com/im/pictures/miso/Hosting-1527582778387313995/original/c708b5be-dab3-4761-ad6e-666d4bc22786.jpeg; https://a0.muscache.com/im/pictures/hosting/Hosting-1527582778387313995/original/85af5a8e-d48e-40b5-af6f-0087bd35dde2.jpeg; https://a0.muscache.com/im/pictures/hosting/Hosting-1527582778387313995/original/d8155841-f12f-48e7-b6bd-62370c2ce6fa.jpeg; https://a0.muscache.com/im/pictures/hosting/Hosting-1527582778387313995/original/8ca270b8-7de7-493b-854d-cd43126a8cc3.jpeg; https://a0.muscache.com/im/pictures/hosting/Hosting-1527582778387313995/original/8b7b0ef8-6b2c-4654-a424-734ce229bf30.jpeg,-1.4237,-48.4647
1331484143951080000,Quarto Privativo,Casa ⋅ Belém,1672.45,0.0,0,1 quarto; 1 cama,https://a0.muscache.com/im/pictures/hosting/Hosting-1331375631320494079/original/6674766c-8c45-47b1-8c8c-2f8ab90db8c2.jpeg; https://a0.muscache.com/im/pictures/hosting/Hosting-1331375631320494079/original/abcd9ec8-8d3c-4c27-8e53-a4783bff420f.jpeg; https://a0.muscache.com/im/pictures/hosting/Hosting-1331375631320494079/original/58f7baa1-7fd4-43bf-86e0-d956076fc3d7.jpeg; https://a0.muscache.com/im/pictures/hosting/Hosting-1331375631320494079/original/2e009031-e9f3-4c2c-92eb-11cf4ed771f2.jpeg; https://a0.muscache.com/im/pictures/hosting/Hosting-1331375631320494079/original/1d37d385-a420-4d25-b7de-6e1f7b15c0b6.jpeg,-1.379753387150272,-48.47968132365171
1526002655062250000,"Apto 3qts sendo 1 suíte, com vista para piscina",Apartamento ⋅ Belém,5784.0,0.0,0,3 quartos; 4 camas,https://a0.muscache.com/im/pictures/hosting/Hosting-1526002655062249999/original/4d982086-6531-4350-ae42-fdca9c356dd5.jpeg; https://a0.muscache.com/im/pictures/hosting/Hosting-1526002655062249999/original/d679cf4f-2b91-46a4-a25b-158f81d37537.jpeg; https://a0.muscache.com/im/pictures/hosting/Hosting-1526002655062249999/original/42451589-c5f4-4676-a8b9-076dfeac3fd4.jpeg; https://a0.muscache.com/im/pictures/hosting/Hosting-1526002655062249999/original/a5ad35f1-3bba-4374-9897-6434c483051e.jpeg; https://a0.muscache.com/im/pictures/hosting/Hosting-1526002655062249999/original/41190395-34bb-4285-b904-b8e74e5cd547.jpeg; https://a0.muscache.com/im/pictures/hosting/Hosting-1526002655062249999/original/3bd6a635-411b-4588-bce9-d767d6c434f2.jpeg,-1.38984,-48.4688
1412475965227834600,Torres Liberto - COP30 Belém III,Apartamento ⋅ Belém,4108.24,0.0,0,3 quartos; 6 camas,https://a0.muscache.com/im/pictures/miso/Hosting-1412475965227834554/original/ab30217a-f293-4324-976c-08ebd545875a.jpeg; https://a0.muscache.com/im/pictures/miso/Hosting-1412475965227834554/original/4adb109e-29f4-4e44-89b0-5d22a05e8706.jpeg; https://a0.muscache.com/im/pictures/miso/Hosting-1412475965227834554/original/8ec621b1-df05-454a-86cf-c3ddfe378706.jpeg; https://a0.muscache.com/im/pictures/miso/Hosting-1412475965227834554/original/13635ac6-c38d-4c59-a280-d9624e112b16.jpeg; https://a0.muscache.com/im/pictures/miso/Hosting-1412475965227834554/original/eafc6afc-9db3-4015-9f9a-751579f3bef9.jpeg; https://a0.muscache.com/im/pictures/miso/Hosting-1412475965227834554/original/4d2e25b7-82ae-46a4-8b81-c0ce0bb5dfee.jpeg,-1.4651,-48.4948
1366752301964035600,Lindo apartamento localização perfeita COP30,Apartamento ⋅ Belém,1540.59,0.0,0,2 quartos; 1 cama,https://a0.muscache.com/im/pictures/hosting/Hosting-1366752301964035625/original/b35bd14c-0444-491f-ba6c-311a94f127c0.jpeg; https://a0.muscache.com/im/pictures/hosting/Hosting-1366752301964035625/original/5307e7be-e539-45bf-bc73-57a20554cc22.jpeg; https://a0.muscache.com/im/pictures/hosting/Hosting-1366752301964035625/original/63dac1b8-f881-4f44-9f22-c6a39365de90.jpeg; https://a0.muscache.com/im/pictures/hosting/Hosting-1366752301964035625/original/17fea1c2-a021-4354-b9a6-ebd8142c11bf.jpeg; https://a0.muscache.com/im/pictures/hosting/Hosting-1366752301964035625/original/a5cf8f74-a738-4e11-bce3-94dbcc5a06c2.jpeg; https://a0.muscache.com/im/pictures/hosting/Hosting-1366752301964035625/original/dbc6296a-35a1-4cd7-b057-55309202c72d.jpeg,-1.43398864373412,-48.47584480457896
1448034830711793000,Suítes modernas com vista para floresta,Lugar para ficar em Belém,4585.46,0.0,0,2 quartos; 3 camas,https://a0.muscache.com/im/pictures/miso/Hosting-1448034830711792827/original/74ca9fd3-b3b2-4d37-8b16-c7ea45cbd11a.jpeg; https://a0.muscache.com/im/pictures/miso/Hosting-1448034830711792827/original/e7b1bdd7-3366-4815-a04d-69fe1277f32e.jpeg; https://a0.muscache.com/im/pictures/miso/Hosting-1448034830711792827/original/4e147a60-7e0c-479c-8fc4-456d26c2fd7d.jpeg; https://a0.muscache.com/im/pictures/miso/Hosting-1448034830711792827/original/12293445-b772-4e81-a418-0d1e2db2fdc2.jpeg; https://a0.muscache.com/im/pictures/miso/Hosting-1448034830711792827/original/503d03d4-b17a-481d-b9b6-85ff6038c419.jpeg; https://a0.muscache.com/im/pictures/miso/Hosting-1448034830711792827/original/fd381c4a-acba-4907-bddf-67f746e9cc2e.jpeg,-1.3995,-48.4642
1478339860415254500,Apartamento com vista para baía,Apartamento ⋅ Belém,3944.71,0.0,0,3 quartos; 3 camas,https://a0.muscache.com/im/pictures/hosting/Hosting-1478339860415254492/original/bbc2d621-0329-43a1-a406-129b5fe0df32.jpeg; https://a0.muscache.com/im/pictures/hosting/Hosting-1478339860415254492/original/c60ff6a7-b5c6-4173-bd1f-fc1c9ceafd11.jpeg; https://a0.muscache.com/im/pictures/hosting/Hosting-1478339860415254492/original/6ac35632-a484-4cb5-b843-4a455e89848f.jpeg; https://a0.muscache.com/im/pictures/hosting/Hosting-1478339860415254492/original/f2a82beb-d05b-4692-96c5-d518d088644c.jpeg; https://a0.muscache.com/im/pictures/hosting/Hosting-1478339860415254492/original/f3f6f752-6659-4110-b111-9986d1aca902.jpeg; https://a0.muscache.com/im/pictures/hosting/Hosting-1478339860415254492/original/d87d76e7-d0dd-4bce-b271-f147953165c8.jpeg,-1.4298,-48.4878
1518965269735578600,Estadia Perfeita no coração de Belém,Apartamento ⋅ Belém,2592.24,0.0,0,1 quarto; 1 cama de casal,https://a0.muscache.com/im/pictures/hosting/Hosting-1518965269735578573/original/75eb0afe-29bf-439b-91e4-157a391b0b30.jpeg; https://a0.muscache.com/im/pictures/hosting/Hosting-1518965269735578573/original/f3ee2cbc-63b1-484d-8fc1-cc68ed1a0da6.jpeg; https://a0.muscache.com/im/pictures/hosting/Hosting-1518965269735578573/original/3dcd64bf-a7a9-48b2-82a4-9c29e82c19f8.jpeg; https://a0.muscache.com/im/pictures/hosting/Hosting-1518965269735578573/original/2a7e9c8c-4f7b-40ca-8970-5c8de4947808.jpeg; https://a0.muscache.com/im/pictures/hosting/Hosting-1518965269735578573/original/f50c16a4-dce8-4a42-a4b5-e9fe15fd94e4.jpeg; https://a0.muscache.com/im/pictures/hosting/Hosting-1518965269735578573/original/3e02d301-ea40-44ef-b8f1-95abe3ee82c2.jpeg,-1.4425,-48.4882
1398529609787260200,Apartamento para COP-30,Apartamento ⋅ Belém,3440.65,0.0,0,1 quarto; 1 cama,https://a0.muscache.com/im/pictures/miso/Hosting-1398529609787260177/original/1c42c1d0-2a45-4609-9fbb-3d30b42b7383.jpeg; https://a0.muscache.com/im/pictures/miso/Hosting-1398529609787260177/original/175980c8-f20c-4992-a72d-f7f8bc4574ed.jpeg; https://a0.muscache.com/im/pictures/miso/Hosting-1398529609787260177/original/8f4c1dbc-5c8f-45d5-9ff9-65626e33284d.jpeg; https://a0.muscache.com/im/pictures/miso/Hosting-1398529609787260177/original/2822802d-119b-4cb9-963c-357df1aa64fc.jpeg; https://a0.muscache.com/im/pictures/miso/Hosting-1398529609787260177/original/7cf2ab1f-0acf-4b09-8d7d-18e665ad928b.jpeg; https://a0.muscache.com/im/pictures/miso/Hosting-1398529609787260177/original/b4c4c727-bec1-40a3-a868-4085ed804979.jpeg,-1.4602673680716423,-48.48232701612526
1340520172542942700,Conforto e PraticidadeA 10 Minutos da COP30,Apartamento ⋅ Belém,3786.43,0.0,0,2 quartos; 2 camas,https://a0.muscache.com/im/pictures/hosting/Hosting-1340520172542942652/original/ff2ffaab-5d9c-4413-8cac-b04f867c8346.jpeg; https://a0.muscache.com/im/pictures/hosting/Hosting-1340520172542942652/original/26731626-4f65-4061-8930-396a5bf497ee.jpeg; https://a0.muscache.com/im/pictures/hosting/Hosting-1340520172542942652/original/70b38808-95a3-4339-ae7b-f51656fd6381.jpeg; https://a0.muscache.com/im/pictures/hosting/Hosting-1340520172542942652/original/fa3a9c88-cacd-4389-9701-63cda9078d0b.jpeg; https://a0.muscache.com/im/pictures/hosting/Hosting-1340520172542942652/original/8a6c6713-4740-4502-b335-dba9af9c429f.jpeg; https://a0.muscache.com/im/pictures/hosting/Hosting-1340520172542942652/original/b8791662-1b0a-4553-b4bf-5abec4525470.jpeg,-1.4008,-48.4911
1493629228216140800,Aluguel apart. completo - COP30,Apartamento ⋅ Belém,3389.4,0.0,0,2 quartos; 3 camas,https://a0.muscache.com/im/pictures/hosting/Hosting-1493629228216140831/original/602c01fe-ce30-410b-8000-f6e526de402a.jpeg; https://a0.muscache.com/im/pictures/hosting/Hosting-1493629228216140831/original/0ad42163-19e6-4d07-a3d0-2b72a004c8ae.jpeg; https://a0.muscache.com/im/pictures/hosting/Hosting-1493629228216140831/original/edc62848-35c8-4378-9921-a6b2cb72a4e0.jpeg; https://a0.muscache.com/im/pictures/hosting/Hosting-1493629228216140831/original/40a97a3d-90f7-4cf0-b877-e1b14cd267a0.jpeg; https://a0.muscache.com/im/pictures/hosting/Hosting-1493629228216140831/original/f0833df2-4d52-499a-b44d-34988a67b1a8.jpeg; https://a0.muscache.com/im/pictures/hosting/Hosting-1493629228216140831/original/3f971f96-5f9f-448c-965f-e13fc2ec85fc.jpeg,-1.4486,-48.4788
1471863512048571400,Conforto e segurança em Belém,Apartamento ⋅ Belém,3093.32,0.0,0,3 quartos; 3 camas,https://a0.muscache.com/im/pictures/hosting/Hosting-1471863512048571508/original/9d73a195-1acc-4851-8d90-83dd4bd932bf.jpeg; https://a0.muscache.com/im/pictures/hosting/Hosting-1471863512048571508/original/798406dc-2473-4890-aaa5-3deaf4a1cd4d.jpeg; https://a0.muscache.com/im/pictures/hosting/Hosting-1471863512048571508/original/eda77608-67e8-4311-b94a-dee8b078f767.jpeg; https://a0.muscache.com/im/pictures/hosting/Hosting-1471863512048571508/original/cd18171f-1251-45b5-b863-d52d80b912e1.jpeg; https://a0.muscache.com/im/pictures/hosting/Hosting-1471863512048571508/original/628dc94e-a99b-4a83-bae3-c6ede1d5a981.jpeg; https://a0.muscache.com/im/pictures/hosting/Hosting-1471863512048571508/original/11b2e616-a3ec-4fe7-b1d5-cc06fdb6553a.jpeg,-1.4276039866528365,-48.46925833834081
1493629228216140800,Aluguel apart. completo - COP30,Apartamento ⋅ Nazaré,3389.4,0.0,0,2 quartos; 3 camas,https://a0.muscache.com/im/pictures/hosting/Hosting-1493629228216140831/original/602c01fe-ce30-410b-8000-f6e526de402a.jpeg; https://a0.muscache.com/im/pictures/hosting/Hosting-1493629228216140831/original/0ad42163-19e6-4d07-a3d0-2b72a004c8ae.jpeg; https://a0.muscache.com/im/pictures/hosting/Hosting-1493629228216140831/original/edc62848-35c8-4378-9921-a6b2cb72a4e0.jpeg; https://a0.muscache.com/im/pictures/hosting/Hosting-1493629228216140831/original/40a97a3d-90f7-4cf0-b877-e1b14cd267a0.jpeg; https://a0.muscache.com/im/pictures/hosting/Hosting-1493629228216140831/original/f0833df2-4d52-499a-b44d-34988a67b1a8.jpeg; https://a0.muscache.com/im/pictures/hosting/Hosting-1493629228216140831/original/3f971f96-5f9f-448c-965f-e13fc2ec85fc.jpeg,-1.4486,-48.4788
1531162256018147000,Apto confortável e estratégico para COP 30,Apartamento ⋅ Belém,1689.84,0.0,0,2 quartos; 5 camas,https://a0.muscache.com/im/pictures/hosting/Hosting-1531162256018147182/original/f1f3b59f-7f83-4622-ab6d-da50c83774a4.jpeg; https://a0.muscache.com/im/pictures/hosting/Hosting-1531162256018147182/original/bab7415d-9bbf-4fc8-8ca5-5c38fb9bbb37.jpeg; https://a0.muscache.com/im/pictures/hosting/Hosting-1531162256018147182/original/04126a39-c9a6-4588-99d8-19f0392c17c0.jpeg; https://a0.muscache.com/im/pictures/hosting/Hosting-1531162256018147182/original/4b7439d5-9e84-4a86-a30c-a6423dc97865.jpeg; https://a0.muscache.com/im/pictures/hosting/Hosting-1531162256018147182/original/755db7f5-5dac-4ec2-9fe7-8a2e02851c34.jpeg; https://a0.muscache.com/im/pictures/hosting/Hosting-1531162256018147182/original/35b5460e-5135-4a35-9cc6-b444452f091b.jpeg,-1.4162,-48.4777
1331839363627456500,Apartamento exclusivo para COP30,Apartamento ⋅ Marco,2270.94,0.0,0,2 quartos; 3 camas,https://a0.muscache.com/im/pictures/hosting/Hosting-1331826549372758132/original/e5c50fff-70f0-43a5-ae60-0f86fdfbb951.jpeg; https://a0.muscache.com/im/pictures/hosting/Hosting-1331826549372758132/original/af604450-4771-4a73-a5f0-75c658eb2d4c.jpeg; https://a0.muscache.com/im/pictures/hosting/Hosting-1331839363627456490/original/ebc219e8-631b-4470-9ce3-73b49424edb3.jpeg; https://a0.muscache.com/im/pictures/hosting/Hosting-1331826549372758132/original/e8d848e7-a12a-45bd-b9fd-cd6b8c4e0fb8.jpeg; https://a0.muscache.com/im/pictures/hosting/Hosting-1331826549372758132/original/c3eeb735-0863-4f96-ae5d-a2b703d1790c.jpeg; https://a0.muscache.com/im/pictures/hosting/Hosting-1331826549372758132/original/b819a19f-19f7-4a5c-bfa1-8264f557d519.jpeg,-1.4402793665822373,-48.46439311717798
563066139228405950,térreo - ganhe tempo na melhor opção para turistar,Quarto em Batista Campos,1232.47,5.0,39,2 camas de solteiro,https://a0.muscache.com/im/pictures/hosting/Hosting-563066139228405923/original/9ea8fac1-69cb-4b81-8fc0-9c6f5eb9c1ab.jpeg; https://a0.muscache.com/im/pictures/hosting/Hosting-563066139228405923/original/3396e2a9-49e2-4f56-b508-8758e3880e66.jpeg; https://a0.muscache.com/im/pictures/hosting/Hosting-563066139228405923/original/63a50987-605e-4e5a-b0ef-2195bd280558.jpeg; https://a0.muscache.com/im/pictures/hosting/Hosting-563066139228405923/original/33ec4e92-20be-433a-846c-9aae62768503.jpeg; https://a0.muscache.com/im/pictures/hosting/Hosting-563066139228405923/original/be261b08-6adf-4329-b950-9ace4c27d3d9.jpeg; https://a0.muscache.com/im/pictures/hosting/Hosting-563066139228405923/original/c4502e12-bce2-4980-9446-99b071465a08.jpeg,-1.4605,-48.4956
1487724416506942500,Alugo Apartamento para COP 30,Apartamento ⋅ Marambaia,5605.46,0.0,0,2 quartos; 3 camas,https://a0.muscache.com/im/pictures/hosting/Hosting-1487724416506942353/original/4309866c-eaad-4680-8577-777f342d1e99.jpeg; https://a0.muscache.com/im/pictures/hosting/Hosting-1487724416506942353/original/2e629d53-9690-4df3-aa12-e511d8a0f410.jpeg; https://a0.muscache.com/im/pictures/hosting/Hosting-1487724416506942353/original/1b6e16f7-0a98-4135-b155-494225111532.jpeg; https://a0.muscache.com/im/pictures/hosting/Hosting-1487724416506942353/original/2d0507c1-6f90-4ab9-a234-5c2c7a30ca17.jpeg; https://a0.muscache.com/im/pictures/hosting/Hosting-U3RheVN1cHBseUxpc3Rpbmc6MTQ4NzcyNDQxNjUwNjk0MjM1Mw==/original/4e07812d-32e2-4e3f-abee-9bf6f6f07d0a.jpeg; https://a0.muscache.com/im/pictures/hosting/Hosting-U3RheVN1cHBseUxpc3Rpbmc6MTQ4NzcyNDQxNjUwNjk0MjM1Mw==/original/d13f6b6f-8c2e-4c4e-9810-cbffc649e748.jpeg,-1.4036,-48.4527
1478893600837452500,Apto aconchegante e moderno,Apartamento ⋅ São Brás,3979.79,0.0,0,2 quartos; 2 camas,https://a0.muscache.com/im/pictures/hosting/Hosting-1478893600837452615/original/b30fd551-04cf-42f1-8e05-dde0aeddb20b.jpeg; https://a0.muscache.com/im/pictures/hosting/Hosting-1478893600837452615/original/a5e8e17b-581a-4eaa-bdb2-50288e3f4b8a.jpeg; https://a0.muscache.com/im/pictures/hosting/Hosting-1478893600837452615/original/9fac4035-678b-48e1-802d-0869746ab08d.jpeg; https://a0.muscache.com/im/pictures/hosting/Hosting-1478893600837452615/original/c7ec3719-8a1b-48a2-a61e-1ceaf82a66e9.jpeg; https://a0.muscache.com/im/pictures/hosting/Hosting-1478893600837452615/original/0f965374-180f-4aa6-bbc9-2d39d7a339f8.jpeg; https://a0.muscache.com/im/pictures/hosting/Hosting-1478893600837452615/original/ca8cee84-d1c1-455e-86b4-28ca36a4acc3.jpeg,-1.4474371836160609,-48.46888234426164
1527582778387314000,Casa alto padrão para alugar COP 30,Casa ⋅ Belém,6847.06,0.0,0,4 quartos; 4 camas,https://a0.muscache.com/im/pictures/hosting/Hosting-1527582778387313995/original/dbe97ff1-0fa7-4bff-a72d-fd57f82ed98b.png; https://a0.muscache.com/im/pictures/miso/Hosting-1527582778387313995/original/c708b5be-dab3-4761-ad6e-666d4bc22786.jpeg; https://a0.muscache.com/im/pictures/hosting/Hosting-1527582778387313995/original/85af5a8e-d48e-40b5-af6f-0087bd35dde2.jpeg; https://a0.muscache.com/im/pictures/hosting/Hosting-1527582778387313995/original/d8155841-f12f-48e7-b6bd-62370c2ce6fa.jpeg; https://a0.muscache.com/im/pictures/hosting/Hosting-1527582778387313995/original/8ca270b8-7de7-493b-854d-cd43126a8cc3.jpeg; https://a0.muscache.com/im/pictures/hosting/Hosting-1527582778387313995/original/8b7b0ef8-6b2c-4654-a424-734ce229bf30.jpeg,-1.4237,-48.4647
1486976449320671000,Aconchegante apto COP30 no Marco,Apartamento ⋅ Marco,3492.0,0.0,0,2 quartos; 2 camas,https://a0.muscache.com/im/pictures/hosting/Hosting-1486976449320671049/original/4d03764e-4064-4f43-98c7-06ebed5c4b5d.jpeg; https://a0.muscache.com/im/pictures/hosting/Hosting-1486976449320671049/original/a3fa8e7b-dc30-4640-b0c0-043d034a6d8e.jpeg; https://a0.muscache.com/im/pictures/hosting/Hosting-1486976449320671049/original/4563436a-a931-4981-be4d-915561c9dbaa.jpeg; https://a0.muscache.com/im/pictures/hosting/Hosting-1486976449320671049/original/f6e3f64a-dda3-4e4a-80a3-471b6d1ab703.jpeg; https://a0.muscache.com/im/pictures/hosting/Hosting-1486976449320671049/original/8c3bbe7b-a03b-4845-b637-66bf55fc10ca.jpeg; https://a0.muscache.com/im/pictures/hosting/Hosting-1486976449320671049/original/1a40f0b6-362d-4e53-8c96-75d75a82e7d0.jpeg,-1.4406,-48.4643
1525446670089128400,Apartamento COP 30 (próximo aos eventos),Apartamento ⋅ Belém,4451.77,0.0,0,2 quartos; 3 camas,https://a0.muscache.com/im/pictures/hosting/Hosting-1525446670089128373/original/5644569f-41e4-4640-bb7a-6ff0733d5dd9.jpeg; https://a0.muscache.com/im/pictures/hosting/Hosting-1525446670089128373/original/7980f38c-51f9-4ad2-a0da-563295ae68af.jpeg; https://a0.muscache.com/im/pictures/hosting/Hosting-1525446670089128373/original/b22d24fa-3171-4d81-9a4d-c688eef01734.jpeg; https://a0.muscache.com/im/pictures/hosting/Hosting-1525446670089128373/original/03f36908-64f9-4797-a9d2-5c6d87e1f8ce.jpeg; https://a0.muscache.com/im/pictures/hosting/Hosting-1525446670089128373/original/4fa67f3a-9cff-43e9-919d-5066c10a2d36.jpeg; https://a0.muscache.com/im/pictures/hosting/Hosting-1525446670089128373/original/0297ec89-6d48-448e-b78d-cbae618504f6.jpeg,-1.4434,-48.4651
1343100352743731000,Apartamento de luxo em Belém,Apartamento ⋅ Umarizal,6777.92,0.0,0,4 quartos; 7 camas,https://a0.muscache.com/im/pictures/hosting/Hosting-1343100352743730953/original/decf9f36-7606-488d-88a7-c4a7dc3884f4.jpeg; https://a0.muscache.com/im/pictures/hosting/Hosting-1343100352743730953/original/c2e5d3a3-002d-4f5f-a242-e0e9494067d3.jpeg; https://a0.muscache.com/im/pictures/hosting/Hosting-1343100352743730953/original/fe1ee675-6ce4-4686-adf9-9488c20afa34.jpeg; https://a0.muscache.com/im/pictures/hosting/Hosting-1343100352743730953/original/21fcbf0f-2e3a-4e3c-a7f3-c00ae789a69d.jpeg; https://a0.muscache.com/im/pictures/hosting/Hosting-1343100352743730953/original/9e06045b-95f9-41dd-99ac-6c650604ae06.jpeg; https://a0.muscache.com/im/pictures/hosting/Hosting-1343100352743730953/original/bae8e954-0c36-4d83-9b9a-9619e76320bd.jpeg,-1.438586896158572,-48.48629933300568
1295311902434566700,Royal Crown Duplex Umarizal,Apartamento ⋅ Nazaré,3415.84,4.89,19,1 quarto; 1 cama queen,https://a0.muscache.com/im/pictures/hosting/Hosting-1295311902434566746/original/af7ecf08-c6df-4dac-b3ed-14b7694ca909.jpeg; https://a0.muscache.com/im/pictures/hosting/Hosting-1295311902434566746/original/42d618f2-763f-4a0a-97e1-8b5243dbcb89.jpeg; https://a0.muscache.com/im/pictures/hosting/Hosting-1295311902434566746/original/7bdc85dd-5b3d-4721-b850-82a89a3bd84b.jpeg; https://a0.muscache.com/im/pictures/hosting/Hosting-1295311902434566746/original/07361589-c602-4cf5-95a2-3503f5df5845.jpeg; https://a0.muscache.com/im/pictures/prohost-api/Hosting-1142774353757967110/original/7b7ed96f-be2a-4c40-9c1d-442f7483c821.jpeg; https://a0.muscache.com/im/pictures/hosting/Hosting-1295311902434566746/original/ffc12561-e709-4295-be1a-1e12ad7fe8c9.jpeg,-1.44829,-48.48529
1284250457563217400,Bayview Royal Umarizal,Apartamento ⋅ Umarizal,3415.84,4.84,31,1 quarto; 1 cama queen,https://a0.muscache.com/im/pictures/hosting/Hosting-1284250457563217488/original/1105cafe-6e1b-41d2-8de3-a0e7744d48f6.jpeg; https://a0.muscache.com/im/pictures/hosting/Hosting-1284250457563217488/original/7de26543-ce40-4044-80cd-27d0c374a75a.jpeg; https://a0.muscache.com/im/pictures/hosting/Hosting-1284250457563217488/original/0bbed825-f588-4a07-b6f6-767ddef84f36.jpeg; https://a0.muscache.com/im/pictures/hosting/Hosting-1284250457563217488/original/019c9024-ba78-4603-a6a0-64de071313a3.jpeg; https://a0.muscache.com/im/pictures/prohost-api/Hosting-1126905427841286968/original/39474d5d-cb2f-4b2c-8f5b-292dd60c70b2.jpeg; https://a0.muscache.com/im/pictures/hosting/Hosting-1126905427841286968/original/b2db2693-b1aa-4ef9-8ac0-82f63e009d71.jpeg,-1.4401,-48.4915
1142774353757967100,Royal Duplex Umarizal,Apartamento ⋅ Nazaré,3415.84,4.87,47,1 quarto; 1 cama queen,https://a0.muscache.com/im/pictures/hosting/Hosting-1142774353757967110/original/6996dfd9-a920-4089-87e2-2291cb7c73bd.jpeg; https://a0.muscache.com/im/pictures/hosting/Hosting-1142774353757967110/original/ab8da5b7-6b59-41a8-b359-2439c08f3644.jpeg; https://a0.muscache.com/im/pictures/prohost-api/Hosting-1142774353757967110/original/6a1fccbe-d830-459c-a9ad-e1d968ea347e.jpeg; https://a0.muscache.com/im/pictures/prohost-api/Hosting-1142774353757967110/original/e0e8738b-0dad-49bd-9b7f-d5acc5234eed.jpeg; https://a0.muscache.com/im/pictures/prohost-api/Hosting-1142774353757967110/original/72bd686b-418b-4dec-bdab-003123f3eeb1.jpeg; https://a0.muscache.com/im/pictures/prohost-api/Hosting-1142774353757967110/original/18e45fd5-55f8-4217-8730-182c91c958c9.jpeg,-1.4476,-48.4849
1460862521429360400,Apartamento de luxo para COP30,Apartamento ⋅ Umarizal,5820.0,0.0,0,3 quartos; 3 camas queen,https://a0.muscache.com/im/pictures/hosting/Hosting-1460862521429360269/original/80b4f27c-ccca-41c2-9245-6355f611d73c.jpeg; https://a0.muscache.com/im/pictures/hosting/Hosting-1460862521429360269/original/54e65db1-071c-42b7-9924-92e2587f3a19.jpeg; https://a0.muscache.com/im/pictures/hosting/Hosting-1460862521429360269/original/1a7e1bbf-f420-423b-9578-54188c00c4e7.jpeg; https://a0.muscache.com/im/pictures/hosting/Hosting-1460862521429360269/original/4154a0fa-445f-4242-a215-cfe64e89a593.jpeg; https://a0.muscache.com/im/pictures/hosting/Hosting-1460862521429360269/original/779229fe-2637-497e-96f0-123d6ff4b442.jpeg; https://a0.muscache.com/im/pictures/hosting/Hosting-1460862521429360269/original/00b0ce1c-d585-4a17-a1fa-c98fcb64d19f.jpeg,-1.4435198529068058,-48.481179267647235
1191931191073626000,Apartamento mobiliado com área de lazer completa,Apartamento ⋅ Batista Campos,2289.16,4.89,19,1 quarto; 1 cama,https://a0.muscache.com/im/pictures/miso/Hosting-1191931191073626061/original/bdc1851f-95c5-4abf-904f-26583c1d3a75.jpeg; https://a0.muscache.com/im/pictures/hosting/Hosting-1191931191073626061/original/36375048-a44b-49ce-8bf9-ed58370cb16a.jpeg; https://a0.muscache.com/im/pictures/hosting/Hosting-1191931191073626061/original/fb195940-8a0f-4ef3-a51f-eb45e0986f02.jpeg; https://a0.muscache.com/im/pictures/hosting/Hosting-1191931191073626061/original/d1db7c16-110e-49a2-82bd-edf49a7e9280.jpeg; https://a0.muscache.com/im/pictures/hosting/Hosting-1191931191073626061/original/675d4c90-5fe0-4994-8558-d6dd6135ec67.jpeg; https://a0.muscache.com/im/pictures/hosting/Hosting-1191931191073626061/original/6b058d54-af53-4c7b-b73e-f42efa2e06bd.jpeg,-1.4646,-48.491
1354492403112037000,Recanto da Laura - Conforto e Estilo,Apartamento ⋅ São Brás,2868.5,5.0,6,2 quartos; 3 camas,https://a0.muscache.com/im/pictures/miso/Hosting-1354492403112037164/original/69d64dec-00f6-4b69-bd5b-68a7bfe48e95.jpeg; https://a0.muscache.com/im/pictures/miso/Hosting-1354492403112037164/original/5eae87bb-a3f7-4236-a848-2a1e5908bdad.jpeg; https://a0.muscache.com/im/pictures/miso/Hosting-1354492403112037164/original/91783bdf-44ca-4e48-a3c8-d770158e21f4.jpeg; https://a0.muscache.com/im/pictures/miso/Hosting-1354492403112037164/original/dd236db6-48a0-4077-82bd-f85317fdd934.jpeg; https://a0.muscache.com/im/pictures/miso/Hosting-1354492403112037164/original/395b4f0f-c1c7-4616-914e-d05d4fba143b.jpeg; https://a0.muscache.com/im/pictures/miso/Hosting-1354492403112037164/original/2316701c-80db-448d-bab6-de7b2b7676a4.jpeg,-1.4457660947208288,-48.47102919739165
1513436486992555800,Aluguel de Apartamento Aconchegante – Bairro Nobre,Apartamento ⋅ Umarizal,6389.64,0.0,0,2 quartos; 3 camas,https://a0.muscache.com/im/pictures/hosting/Hosting-1513415657528840765/original/f662703e-dc29-4360-b129-59bdf3979e45.jpeg; https://a0.muscache.com/im/pictures/hosting/Hosting-1513415657528840765/original/ad1e4059-427c-4e1b-846c-f81d082b00ea.jpeg; https://a0.muscache.com/im/pictures/hosting/Hosting-1513415657528840765/original/2df2fe11-e065-4a6f-8a29-41104a82e350.jpeg; https://a0.muscache.com/im/pictures/hosting/Hosting-1513415657528840765/original/cdc8583d-f5a7-4d35-a7f8-89d0f795f20b.jpeg; https://a0.muscache.com/im/pictures/hosting/Hosting-1513415657528840765/original/93cfbc53-ff8b-4c90-ad02-754b5d36166a.jpeg; https://a0.muscache.com/im/pictures/hosting/Hosting-1513415657528840765/original/63d55c38-f91f-48c5-ae83-196eabc80465.jpeg,-1.4364141386124958,-48.48784903170121
1514444515297411000,Apartamento Premium na COP 30 (Estadia Premium),Apartamento ⋅ Belém,6276.47,0.0,0,2 quartos; 2 camas,https://a0.muscache.com/im/pictures/hosting/Hosting-1514444515297411123/original/2d74239c-422a-4788-a7bf-96c0265488ae.jpeg; https://a0.muscache.com/im/pictures/hosting/Hosting-1514444515297411123/original/4b826176-b894-4920-8eb6-233b55e25f63.jpeg; https://a0.muscache.com/im/pictures/hosting/Hosting-1514444515297411123/original/5d0ba238-370a-4cd7-93fd-cee79c665da7.jpeg; https://a0.muscache.com/im/pictures/hosting/Hosting-1514444515297411123/original/931097b1-52b6-4dc6-8828-ebd2abf93af3.jpeg; https://a0.muscache.com/im/pictures/hosting/Hosting-1514444515297411123/original/b0405a0c-5de8-4f93-a63a-667c1b1040bf.jpeg; https://a0.muscache.com/im/pictures/hosting/Hosting-1514444515297411123/original/fa291591-ecfd-4afd-8bea-035278f57975.jpeg,-1.4359,-48.4605
1516193774975310600,Loft Batista Campos 30 COP,Apartamento ⋅ Belém,2390.77,0.0,0,1 quarto; 1 cama,https://a0.muscache.com/im/pictures/hosting/Hosting-1516193774975310601/original/0ea79d84-e19a-40a6-80a5-95b690a888ba.jpeg; https://a0.muscache.com/im/pictures/hosting/Hosting-1516193774975310601/original/f0c25c96-b6c8-41e6-a211-52d17e9b859f.jpeg; https://a0.muscache.com/im/pictures/hosting/Hosting-1516193774975310601/original/ba410e06-13ac-4a8a-94d2-b36c91f99613.jpeg; https://a0.muscache.com/im/pictures/hosting/Hosting-1516193774975310601/original/6f1b8857-416d-4402-8afe-d42b9baf96fb.jpeg; https://a0.muscache.com/im/pictures/hosting/Hosting-1516193774975310601/original/81dade61-99e2-400b-bf05-46e34d335553.jpeg; https://a0.muscache.com/im/pictures/hosting/Hosting-1516193774975310601/original/faf438a9-6a22-42cc-ac55-df87dd7767f1.jpeg,-1.4644,-48.4877
1521999567744937700,"Apart. mobiliado Ed Rivoli Residence, Belém COP 30",Apartamento ⋅ Belém,5578.83,0.0,0,2 quartos; 4 camas,https://a0.muscache.com/im/pictures/hosting/Hosting-1521999567744937755/original/0334d046-6c19-4186-8651-32bcc24c8f6f.jpeg; https://a0.muscache.com/im/pictures/hosting/Hosting-1521999567744937755/original/4e7f5b55-7024-42da-90e1-d54cbb582a8a.jpeg; https://a0.muscache.com/im/pictures/hosting/Hosting-1521999567744937755/original/1a43a59e-8ec7-409a-951f-492e565cf13a.jpeg; https://a0.muscache.com/im/pictures/hosting/Hosting-1521999567744937755/original/81429bf6-834b-4e62-a2b6-ab9392acf9ff.jpeg; https://a0.muscache.com/im/pictures/hosting/Hosting-1521999567744937755/original/b3ec692e-a91e-498a-99ae-0d0abdfdcaec.jpeg; https://a0.muscache.com/im/pictures/hosting/Hosting-1521999567744937755/original/eccd0499-be29-46ab-ba6f-4dfc5d112dab.jpeg,-1.4637,-48.4987
1256474091273618200,Sunset Royal Loft — Belém — Marco,Apartamento ⋅ São Brás,3412.73,4.87,39,1 quarto; 1 cama de casal,https://a0.muscache.com/im/pictures/hosting/Hosting-1256474091273618164/original/154c76cf-5b53-498a-a657-8e65f4f92768.jpeg; https://a0.muscache.com/im/pictures/hosting/Hosting-1256474091273618164/original/6868f432-970a-41a2-b5a6-e832a2e2702b.jpeg; https://a0.muscache.com/im/pictures/hosting/Hosting-1256474091273618164/original/d1e68aec-ba5b-4e0d-9466-91140968c0ea.jpeg; https://a0.muscache.com/im/pictures/hosting/Hosting-1256474091273618164/original/a0ab4a31-96c9-4dac-b690-76d3618214fc.jpeg; https://a0.muscache.com/im/pictures/hosting/Hosting-1256474091273618164/original/a3e62392-4786-4375-94c2-895c1bc39dd9.jpeg; https://a0.muscache.com/im/pictures/hosting/Hosting-1256474091273618164/original/2c415964-e4eb-41eb-abb4-33bc45687104.jpeg,-1.4466,-48.47
1530004101413223700,"Apto Charmoso a 2,9km da sede da Cop 30",Apartamento ⋅ Belém,4563.64,0.0,0,3 quartos; 2 camas queen,https://a0.muscache.com/im/pictures/hosting/Hosting-1530004101413223633/original/87c87fb9-c296-4f75-bc9d-d0bea7c346f0.jpeg; https://a0.muscache.com/im/pictures/hosting/Hosting-1530004101413223633/original/e48f4bdf-b079-452b-b7d3-913fd5c63d5a.jpeg; https://a0.muscache.com/im/pictures/hosting/Hosting-1530004101413223633/original/1e9a5968-3b9d-41c0-ae51-0200ac339e58.jpeg; https://a0.muscache.com/im/pictures/hosting/Hosting-1530004101413223633/original/a718f888-1b66-4938-8611-a6a071079747.jpeg; https://a0.muscache.com/im/pictures/hosting/Hosting-1530004101413223633/original/bd0626e5-4f62-4252-a87e-2c04350ae4cf.jpeg; https://a0.muscache.com/im/pictures/hosting/Hosting-1530004101413223633/original/14f95937-ad60-491e-b9f7-cdc380a42e9a.jpeg,-1.43452,-48.45832
1448034830711793000,Suítes modernas com vista para floresta,Lugar para ficar em Marambaia,4585.46,0.0,0,2 quartos; 3 camas,https://a0.muscache.com/im/pictures/miso/Hosting-1448034830711792827/original/74ca9fd3-b3b2-4d37-8b16-c7ea45cbd11a.jpeg; https://a0.muscache.com/im/pictures/miso/Hosting-1448034830711792827/original/e7b1bdd7-3366-4815-a04d-69fe1277f32e.jpeg; https://a0.muscache.com/im/pictures/miso/Hosting-1448034830711792827/original/4e147a60-7e0c-479c-8fc4-456d26c2fd7d.jpeg; https://a0.muscache.com/im/pictures/miso/Hosting-1448034830711792827/original/12293445-b772-4e81-a418-0d1e2db2fdc2.jpeg; https://a0.muscache.com/im/pictures/miso/Hosting-1448034830711792827/original/503d03d4-b17a-481d-b9b6-85ff6038c419.jpeg; https://a0.muscache.com/im/pictures/miso/Hosting-1448034830711792827/original/fd381c4a-acba-4907-bddf-67f746e9cc2e.jpeg,-1.3995,-48.4642
1496473729617980000,Acomodação COP30,Apartamento ⋅ Val-de-Cães,6410.54,0.0,0,2 quartos; 2 camas,https://a0.muscache.com/im/pictures/hosting/Hosting-1496473729617979857/original/58b89d8f-79f4-4251-9806-fcb558db5986.jpeg; https://a0.muscache.com/im/pictures/hosting/Hosting-1496473729617979857/original/c24414be-9017-49e2-9490-2a41f621cb6c.jpeg; https://a0.muscache.com/im/pictures/hosting/Hosting-1496473729617979857/original/968113c1-e6a8-4340-9e6c-cbb78899abee.jpeg; https://a0.muscache.com/im/pictures/hosting/Hosting-1496473729617979857/original/ed780e15-48a9-45ce-8b0b-088fd08d6e17.jpeg; https://a0.muscache.com/im/pictures/hosting/Hosting-1496473729617979857/original/ac2e96be-9d5d-44fd-83da-6b2e2ba9cd91.jpeg; https://a0.muscache.com/im/pictures/hosting/Hosting-1496473729617979857/original/9aa1e6ba-d03b-40cb-a522-d8f894addc7b.jpeg,-1.3913,-48.4695
1522718416928956400,Apartamento na melhor localização de Belém,Apartamento ⋅ Belém,7042.66,0.0,0,3 quartos; 4 camas,https://a0.muscache.com/im/pictures/hosting/Hosting-1522718416928956494/original/7de0ea5b-24d9-44f2-ab1f-9f27e746868e.jpeg; https://a0.muscache.com/im/pictures/hosting/Hosting-1522718416928956494/original/1b636d9b-d0b5-40ce-9826-725905124332.jpeg; https://a0.muscache.com/im/pictures/hosting/Hosting-1522718416928956494/original/d91e5938-62e1-496b-8464-77e81b4c8dbd.jpeg; https://a0.muscache.com/im/pictures/hosting/Hosting-1522718416928956494/original/553c1a4a-b5e2-4294-bb80-a73a4da6eef4.jpeg; https://a0.muscache.com/im/pictures/hosting/Hosting-1522718416928956494/original/06414034-160a-4e42-bd8f-8d6ddde4fab1.jpeg; https://a0.muscache.com/im/pictures/hosting/Hosting-1522718416928956494/original/08c89670-1d8a-42c9-a502-ff2c7b9f7331.jpeg,-1.44484,-48.4867
1449964408258537700,Aluguel para a Cop30 - Apt de 1 suíte novo,Apartamento ⋅ Marco,3994.12,0.0,0,1 quarto; 2 camas,https://a0.muscache.com/im/pictures/hosting/Hosting-U3RheVN1cHBseUxpc3Rpbmc6MTQ0OTk2NDQwODI1ODUzNzg0MQ==/original/6eeafd8d-855b-4e65-bc1a-0252c57dc50c.jpeg; https://a0.muscache.com/im/pictures/hosting/Hosting-1449964408258537841/original/3bc27aa1-feed-44be-8bb4-035905035dc6.jpeg; https://a0.muscache.com/im/pictures/hosting/Hosting-1449964408258537841/original/abbd7d74-935b-452d-9d22-596cc9d23335.png; https://a0.muscache.com/im/pictures/hosting/Hosting-1449964408258537841/original/a0130cdb-9c13-4c66-b6cf-4cc429fd7e5c.jpeg; https://a0.muscache.com/im/pictures/hosting/Hosting-1449964408258537841/original/255508d5-95a1-4925-8e66-6f7978df457f.jpeg; https://a0.muscache.com/im/pictures/hosting/Hosting-U3RheVN1cHBseUxpc3Rpbmc6MTQ0OTk2NDQwODI1ODUzNzg0MQ==/original/f18f89b7-b454-43e0-849c-54688dc5b237.jpeg,-1.4319,-48.4624
1503951681463243000,Apartamento ao lado da COP30,Apartamento ⋅ Pedreira,8000.0,0.0,0,3 quartos; 5 camas,https://a0.muscache.com/im/pictures/hosting/Hosting-1503951681463243003/original/fa8f31ba-0864-4773-899f-a7f8c3e5e9fd.jpeg; https://a0.muscache.com/im/pictures/hosting/Hosting-1503951681463243003/original/476fc401-c443-4af7-8a2a-b2e13d75d0cd.jpeg; https://a0.muscache.com/im/pictures/hosting/Hosting-1503951681463243003/original/7edcec57-c765-4ae7-9761-9c86b88de5ef.jpeg; https://a0.muscache.com/im/pictures/hosting/Hosting-1503951681463243003/original/bfb737f1-4ec7-4c52-b1ac-833199c61d64.jpeg; https://a0.muscache.com/im/pictures/hosting/Hosting-1503951681463243003/original/2872f3f8-2214-44d4-a8f6-3c901f6bc0c0.jpeg; https://a0.muscache.com/im/pictures/hosting/Hosting-1503951681463243003/original/67b7cf44-9130-48af-9fa4-6652bcef1177.jpeg,-1.41763,-48.46231
1396468694849356000,Apartamento em Belém/PA - COP30_ Vista para o Rio,Apartamento ⋅ Telégrafo,4108.24,0.0,0,2 quartos; 2 camas,https://a0.muscache.com/im/pictures/hosting/Hosting-U3RheVN1cHBseUxpc3Rpbmc6MTM5NjQ2ODY5NDg0OTM1NTkyMw==/original/0e08f506-fc39-4955-bbe9-fb4b67ef9950.jpeg; https://a0.muscache.com/im/pictures/hosting/Hosting-U3RheVN1cHBseUxpc3Rpbmc6MTM5NjQ2ODY5NDg0OTM1NTkyMw==/original/7f061871-b04a-437f-bd9d-51c5f5cda970.jpeg; https://a0.muscache.com/im/pictures/hosting/Hosting-U3RheVN1cHBseUxpc3Rpbmc6MTM5NjQ2ODY5NDg0OTM1NTkyMw==/original/23680e4c-cb28-4df5-b109-6738f6f5fbdd.jpeg; https://a0.muscache.com/im/pictures/hosting/Hosting-U3RheVN1cHBseUxpc3Rpbmc6MTM5NjQ2ODY5NDg0OTM1NTkyMw==/original/e60aa5a9-d5ca-49ec-9e8f-c6fa9cb07b42.jpeg; https://a0.muscache.com/im/pictures/hosting/Hosting-U3RheVN1cHBseUxpc3Rpbmc6MTM5NjQ2ODY5NDg0OTM1NTkyMw==/original/0a2335c5-6839-43f5-9c8c-f6c5415b8ecb.jpeg; https://a0.muscache.com/im/pictures/hosting/Hosting-U3RheVN1cHBseUxpc3Rpbmc6MTM5NjQ2ODY5NDg0OTM1NTkyMw==/original/757b632d-8539-4e1e-8b92-58f2d318c485.jpeg,-1.4312,-48.4872
37848113,Loft moderno com vista para Baía,Apartamento ⋅ Umarizal,8558.83,0.0,0,1 quarto; 2 camas queen,https://a0.muscache.com/im/pictures/73e4d533-dac2-472f-b3c3-1d762259f4a1.jpg; https://a0.muscache.com/im/pictures/hosting/Hosting-37848113/original/6a1d19d7-380b-4e20-94b9-ad51816e3786.jpeg; https://a0.muscache.com/im/pictures/hosting/Hosting-37848113/original/72e71f6d-ac54-4982-b3e6-18d9a1b79d8e.jpeg; https://a0.muscache.com/im/pictures/hosting/Hosting-37848113/original/c7ec6f72-3e33-40d9-9579-0cab68370871.jpeg; https://a0.muscache.com/im/pictures/hosting/Hosting-37848113/original/c6d1c9a6-0c90-4256-b0a8-580e758d982c.jpeg; https://a0.muscache.com/im/pictures/hosting/Hosting-37848113/original/4f6db8d7-4b44-433f-a9f0-aacc361919d6.jpeg,-1.4405467276745667,-48.491031313374656
1489179346270283000,"Suíte 2 ""Tucano""  (double)",Quarto em Marambaia,2824.41,0.0,0,1 cama,https://a0.muscache.com/im/pictures/hosting/Hosting-U3RheVN1cHBseUxpc3Rpbmc6MTQ4OTE3OTM0NjI3MDI4Mjk5NQ==/original/9f774669-b152-4502-9156-e40b650657cc.jpeg; https://a0.muscache.com/im/pictures/hosting/Hosting-U3RheVN1cHBseUxpc3Rpbmc6MTQ4OTE3OTM0NjI3MDI4Mjk5NQ==/original/16a08396-e72b-4c3b-82ae-a005ad32d12c.jpeg; https://a0.muscache.com/im/pictures/hosting/Hosting-U3RheVN1cHBseUxpc3Rpbmc6MTQ4OTE3OTM0NjI3MDI4Mjk5NQ==/original/d49dabc5-17d5-434c-bcbb-2a440253fc3a.jpeg; https://a0.muscache.com/im/pictures/hosting/Hosting-U3RheVN1cHBseUxpc3Rpbmc6MTQ4OTE3OTM0NjI3MDI4Mjk5NQ==/original/5f304c0e-d6fd-44cb-8bf7-96e5772554f1.jpeg; https://a0.muscache.com/im/pictures/hosting/Hosting-U3RheVN1cHBseUxpc3Rpbmc6MTQ4OTE3OTM0NjI3MDI4Mjk5NQ==/original/4a0b12e7-4da0-4e06-96e1-152f58e2b6bf.jpeg,-1.4072,-48.4529
1529074843885482200,Aparamento alto padrão COP30,Apartamento ⋅ Belém,8114.83,0.0,0,3 quartos; 4 camas,https://a0.muscache.com/im/pictures/hosting/Hosting-1529074843885482257/original/96a2f33a-dd12-455f-847f-836907ab531f.jpeg; https://a0.muscache.com/im/pictures/hosting/Hosting-1529074843885482257/original/f67145ba-a4fa-4957-aa83-11097ebb7970.jpeg; https://a0.muscache.com/im/pictures/hosting/Hosting-1529074843885482257/original/4d250166-9ddb-4434-b1bd-e20ed358b033.jpeg; https://a0.muscache.com/im/pictures/hosting/Hosting-1529074843885482257/original/439335c9-1fd8-4651-8b5d-6bb5175cf31e.jpeg; https://a0.muscache.com/im/pictures/hosting/Hosting-1529074843885482257/original/fdd78c29-956f-4885-a166-96f9780b22b5.jpeg; https://a0.muscache.com/im/pictures/hosting/Hosting-1529074843885482257/original/28913cb0-ed9e-4776-aa72-d225ec9040ca.jpeg,-1.4518291473482252,-48.49526830272996
1475641515771201800,Hospede-se com Estilo.,Casa ⋅ Pedreira,8013.18,0.0,0,3 quartos; 2 camas,https://a0.muscache.com/im/pictures/hosting/Hosting-U3RheVN1cHBseUxpc3Rpbmc6MTQ3NTY0MTUxNTc3MTIwMTkwNg==/original/94d944e8-664c-423a-91ba-52077bd52126.jpeg; https://a0.muscache.com/im/pictures/hosting/Hosting-1475641515771201906/original/b6250ecd-90e4-4622-888d-b4594048dfe0.jpeg; https://a0.muscache.com/im/pictures/hosting/Hosting-U3RheVN1cHBseUxpc3Rpbmc6MTQ3NTY0MTUxNTc3MTIwMTkwNg==/original/3dc13c35-5082-489a-af14-d8797ddc103f.jpeg; https://a0.muscache.com/im/pictures/hosting/Hosting-U3RheVN1cHBseUxpc3Rpbmc6MTQ3NTY0MTUxNTc3MTIwMTkwNg==/original/1d18324d-6384-4f5d-ad8f-b5628fb1b2a1.jpeg; https://a0.muscache.com/im/pictures/hosting/Hosting-U3RheVN1cHBseUxpc3Rpbmc6MTQ3NTY0MTUxNTc3MTIwMTkwNg==/original/505ceb83-2ede-463a-b658-4fd2459dc545.jpeg; https://a0.muscache.com/im/pictures/hosting/Hosting-1475641515771201906/original/5da193fc-f18c-4beb-9151-f76c3423ff0a.jpeg,-1.4376,-48.47428
1511515143463158800,"Espaço inteiro: Apto alto padrão em Belém, Brasil.",Apartamento ⋅ Nazaré,7696.79,0.0,0,3 quartos; 4 camas,https://a0.muscache.com/im/pictures/hosting/Hosting-1511515143463158780/original/e0f592a0-0e6e-42f8-96e1-5bb648a43ee7.jpeg; https://a0.muscache.com/im/pictures/hosting/Hosting-1511515143463158780/original/4375eb92-74fd-4668-aef7-9b7e456f1048.jpeg; https://a0.muscache.com/im/pictures/hosting/Hosting-1511515143463158780/original/87e737dd-bd7f-4622-b187-5a8eba009734.jpeg; https://a0.muscache.com/im/pictures/hosting/Hosting-1511515143463158780/original/86178717-463e-4ae5-8737-585c47c711d5.jpeg; https://a0.muscache.com/im/pictures/hosting/Hosting-1511515143463158780/original/0ce7dc32-fadc-456d-8994-9f4489179eec.jpeg; https://a0.muscache.com/im/pictures/hosting/Hosting-1511515143463158780/original/a9b4554b-cae9-4270-8663-29f7ffdacd61.jpeg,-1.4498,-48.4872
1450050061935864800,Mistral na Cop30!,Apartamento ⋅ Cremação,5705.89,0.0,0,2 quartos; 2 camas,https://a0.muscache.com/im/pictures/hosting/Hosting-1450050061935864839/original/dbd87ff3-6d0e-4b28-a59a-94af23b1c937.jpeg; https://a0.muscache.com/im/pictures/hosting/Hosting-1450050061935864839/original/6752d35a-1852-4530-8589-28008198eaa6.jpeg; https://a0.muscache.com/im/pictures/hosting/Hosting-1450050061935864839/original/069e84d5-7fab-4996-bf6c-44d7ccd91c23.jpeg; https://a0.muscache.com/im/pictures/hosting/Hosting-1450050061935864839/original/e0dbbf69-90f0-4bd7-9a02-8d348e1a73be.jpeg; https://a0.muscache.com/im/pictures/hosting/Hosting-1450050061935864839/original/0a3e1232-a062-4652-9984-924c40c10124.jpeg; https://a0.muscache.com/im/pictures/hosting/Hosting-1450050061935864839/original/c9797c6c-691f-4fba-9c87-0a6eb5318daf.jpeg,-1.4609,-48.4784
1337675906643010300,09 Luxury Suíte  Radisson Maiorana,Hotel ⋅ Nazaré,10118.12,4.76,17,1 quarto; 1 cama,https://a0.muscache.com/im/pictures/hosting/Hosting-1337675906643010197/original/fb36674b-7b34-49c4-8d8d-8ae3f57b37ab.jpeg; https://a0.muscache.com/im/pictures/hosting/Hosting-1337675906643010197/original/be95cf9b-37de-4fad-8d99-e324f859979f.jpeg; https://a0.muscache.com/im/pictures/hosting/Hosting-1337675906643010197/original/a9225a77-778b-486d-be2a-72fea0a9b56a.jpeg; https://a0.muscache.com/im/pictures/hosting/Hosting-1337675906643010197/original/1717423f-f1f2-47b6-83ea-6f5c7cf596dc.jpeg; https://a0.muscache.com/im/pictures/hosting/Hosting-1337675906643010197/original/50f07af4-eac9-44e6-b741-d7fc69c9b4e4.jpeg; https://a0.muscache.com/im/pictures/hosting/Hosting-1337675906643010197/original/f44aefe5-0d7d-47a3-9baa-d56c1e0528c6.jpeg,-1.4547,-48.4892
1516321118294091500,Apto Mobiliado | 02 Pessoas- 07 minutos do evento.,Apartamento ⋅ Belém,5153.97,0.0,0,1 quarto; 2 camas,https://a0.muscache.com/im/pictures/hosting/Hosting-1516321118294091469/original/3af6b4a3-05d4-4f7f-8c9f-3c2ce8354a57.jpeg; https://a0.muscache.com/im/pictures/hosting/Hosting-1516321118294091469/original/d5245ee7-d509-46e3-afb2-7c0b69cb2765.jpeg; https://a0.muscache.com/im/pictures/hosting/Hosting-1516321118294091469/original/571595f7-c0e3-413b-8bf1-12a8e8f4bb7f.jpeg; https://a0.muscache.com/im/pictures/hosting/Hosting-1516321118294091469/original/d9adb5ff-d979-418b-8d52-8f05f5e496b4.jpeg; https://a0.muscache.com/im/pictures/hosting/Hosting-1516321118294091469/original/5f5585aa-f7ed-4ff4-913b-7f62cc8559ab.jpeg; https://a0.muscache.com/im/pictures/hosting/Hosting-1516321118294091469/original/8b3dc300-5612-4f7b-84eb-d0f8d4e36fba.jpeg,-1.41817,-48.46375
1474021787545584000,COP30 - Apto premium com lazer completo,Apartamento ⋅ Umarizal,3534.87,0.0,0,2 quartos; 2 camas,https://a0.muscache.com/im/pictures/hosting/Hosting-1474021787545584082/original/ff320602-b9d5-4f38-a435-9dd231f14ca5.jpeg; https://a0.muscache.com/im/pictures/hosting/Hosting-1474021787545584082/original/7b56d544-0281-4ca8-9799-e915e302fdd8.jpeg; https://a0.muscache.com/im/pictures/hosting/Hosting-1474021787545584082/original/08f5c536-6fd7-4a69-9fd2-38e6b5b36075.jpeg; https://a0.muscache.com/im/pictures/hosting/Hosting-1474021787545584082/original/0272a3f6-e3a8-4a66-afc9-0039cbbed4c7.jpeg; https://a0.muscache.com/im/pictures/hosting/Hosting-1474021787545584082/original/0ded687a-f639-4435-9a61-be908a9deabf.jpeg; https://a0.muscache.com/im/pictures/hosting/Hosting-1474021787545584082/original/9d25b92a-9513-4395-96cb-775d7d198f22.jpeg,-1.4401,-48.4915
1518872924029987600,Estadia exclusiva para COP 30 Ed Quadra Residence,Apartamento ⋅ Belém,6847.06,0.0,0,2 quartos; 3 camas,https://a0.muscache.com/im/pictures/hosting/Hosting-1518872924029987574/original/7dc72b1f-47c2-4a29-ac9e-bd709bb4debb.jpeg; https://a0.muscache.com/im/pictures/hosting/Hosting-1518872924029987574/original/f64846b5-52c1-467c-9cd3-105b196a6209.jpeg; https://a0.muscache.com/im/pictures/hosting/Hosting-1518872924029987574/original/95c9aff2-4183-406b-af08-8db880306bac.jpeg; https://a0.muscache.com/im/pictures/hosting/Hosting-1518872924029987574/original/bb6f4cda-43de-4132-a22c-4e5096e7bc93.jpeg; https://a0.muscache.com/im/pictures/hosting/Hosting-1518872924029987574/original/f9f89230-6396-4b9e-8068-76d2c77c9d53.jpeg; https://a0.muscache.com/im/pictures/hosting/Hosting-1518872924029987574/original/029daf64-e8cb-4407-8e0d-62a5dca54811.jpeg,-1.4372538111552542,-48.48922028418359
1485098387554694700,Apto para 4 hóspedes- proxCop30,Apartamento ⋅ Pedreira,5000.0,0.0,0,2 quartos; 3 camas,https://a0.muscache.com/im/pictures/hosting/Hosting-1485098387554694738/original/31726016-1021-45dc-b8e2-9907c43f0609.jpeg; https://a0.muscache.com/im/pictures/hosting/Hosting-1485098387554694738/original/3b3c469f-c22e-446f-a009-ff9344b024d6.jpeg; https://a0.muscache.com/im/pictures/hosting/Hosting-1485098387554694738/original/71f076ba-127d-486d-bf4a-f6cac1082712.jpeg; https://a0.muscache.com/im/pictures/hosting/Hosting-1485098387554694738/original/5e6bb1b1-c4bb-4f4b-99d8-ee6615f3c194.jpeg; https://a0.muscache.com/im/pictures/hosting/Hosting-1485098387554694738/original/bcc570ea-4f28-4bab-8437-7f94948ccb49.jpeg; https://a0.muscache.com/im/pictures/hosting/Hosting-1485098387554694738/original/57252cde-c7f3-4be1-ac82-a7cda1ee7c7b.jpeg,-1.4173,-48.4634
1485718378742767600,Apartamento - COP30,Apartamento ⋅ São Brás,2254.12,0.0,0,2 quartos; 2 camas,https://a0.muscache.com/im/pictures/hosting/Hosting-1485718378742767587/original/b6fe3ee8-3ce2-49b3-99b1-777f3bea5a30.jpeg; https://a0.muscache.com/im/pictures/hosting/Hosting-1485718378742767587/original/1f5ae8d8-ba1d-4ddd-850c-ac4442ab92e7.jpeg; https://a0.muscache.com/im/pictures/hosting/Hosting-1485718378742767587/original/59c309ae-bf2f-4ebd-afe9-1d2f697c68f0.jpeg; https://a0.muscache.com/im/pictures/hosting/Hosting-1485718378742767587/original/5a9c55fc-a6b1-4fb0-a420-ef38fea820de.jpeg; https://a0.muscache.com/im/pictures/hosting/Hosting-1485718378742767587/original/feefb177-92bc-4664-9704-d6feecc8f299.jpeg; https://a0.muscache.com/im/pictures/hosting/Hosting-1485718378742767587/original/7f194ac2-307d-4030-92a5-377a9cfccf3a.jpeg,-1.45572,-48.47285
1357956091959771000,Apartamento em Belém aluguel cop30 Batista Campos,Apartamento ⋅ Batista Campos,5339.85,0.0,0,2 quartos; 3 camas,https://a0.muscache.com/im/pictures/hosting/Hosting-1357956091959770811/original/4f94292e-1379-4763-99db-8dc8d601882b.jpeg; https://a0.muscache.com/im/pictures/hosting/Hosting-1357956091959770811/original/0e377721-22e5-44bb-88ed-b074c90ddb0d.jpeg; https://a0.muscache.com/im/pictures/hosting/Hosting-1357956091959770811/original/b079b363-30e1-4918-b869-0de549eaad22.png; https://a0.muscache.com/im/pictures/hosting/Hosting-1357956091959770811/original/98b76f59-0e48-4832-a2ae-c78fee3fd8a9.jpeg; https://a0.muscache.com/im/pictures/hosting/Hosting-1357956091959770811/original/ea452da5-f574-4920-8141-f024483ed275.jpeg; https://a0.muscache.com/im/pictures/hosting/Hosting-1357956091959770811/original/c6ded722-1c46-4256-a7d5-7e25e60e9616.jpeg,-1.4629,-48.4902
1484281055316296200,Apartamento para COP-30,Apartamento ⋅ Sacramenta,2817.65,0.0,0,2 quartos; 2 camas,https://a0.muscache.com/im/pictures/hosting/Hosting-1484266917505629129/original/e4f27188-ac80-4f02-8132-c3ff63abe35e.jpeg; https://a0.muscache.com/im/pictures/hosting/Hosting-1484266917505629129/original/65a4194e-3b1d-4a11-b73a-4e89c377fb7d.jpeg; https://a0.muscache.com/im/pictures/hosting/Hosting-1484266917505629129/original/c4d5dda5-d5df-4aa1-a16a-97dd71329dfb.jpeg; https://a0.muscache.com/im/pictures/hosting/Hosting-1484266917505629129/original/28ac1070-1643-40c4-9a87-8f901ec28104.jpeg; https://a0.muscache.com/im/pictures/hosting/Hosting-1484266917505629129/original/35aecbaf-30a9-40a3-bfdc-aeea7bd1fc84.jpeg; https://a0.muscache.com/im/pictures/hosting/Hosting-1484266917505629129/original/18d14934-ad0a-4fea-8ede-2d4a80fa031f.jpeg,-1.417023251762543,-48.478222100967905
1357427213429671200,Apartamento aconchegante no coração de Belém,Apartamento ⋅ Jurunas,4019.14,0.0,0,3 quartos; 4 camas,https://a0.muscache.com/im/pictures/hosting/Hosting-1357427213429671083/original/56196abb-48e3-4817-9f2d-bce340c9e272.jpeg; https://a0.muscache.com/im/pictures/hosting/Hosting-1357427213429671083/original/52602a9b-be2b-47df-91eb-16a1e8675785.jpeg; https://a0.muscache.com/im/pictures/hosting/Hosting-1357427213429671083/original/54a10249-d936-4790-ba77-803f4435ff6f.jpeg; https://a0.muscache.com/im/pictures/hosting/Hosting-1344167928437850770/original/db051958-7eca-4ecc-b871-7635613a4b5c.jpeg; https://a0.muscache.com/im/pictures/hosting/Hosting-1357427213429671083/original/a6adb842-6e11-47f4-8546-45e6e566e7eb.jpeg; https://a0.muscache.com/im/pictures/hosting/Hosting-1357427213429671083/original/73610c57-a581-4eac-81b0-6180021cbc97.jpeg,-1.46518,-48.49385
1516750375232293000,Apartamento aconchegante para locação na COP30,Apartamento ⋅ Belém,3832.0,0.0,0,3 quartos; 4 camas,https://a0.muscache.com/im/pictures/hosting/Hosting-1516750375232293099/original/bdef2122-be3f-4dde-a854-f46e03873c15.jpeg; https://a0.muscache.com/im/pictures/hosting/Hosting-1516750375232293099/original/283d3061-f858-44f2-b6f1-9982f92b59ca.jpeg; https://a0.muscache.com/im/pictures/hosting/Hosting-1516750375232293099/original/d91f0047-359d-419c-bdaa-bc7a3ce1f658.jpeg; https://a0.muscache.com/im/pictures/hosting/Hosting-1516750375232293099/original/ebafd6a9-4e7d-4ba6-a336-9d17e0dfb62c.jpeg; https://a0.muscache.com/im/pictures/hosting/Hosting-1516750375232293099/original/b367da68-0822-4b81-aa30-423457f650ef.jpeg; https://a0.muscache.com/im/pictures/hosting/Hosting-1516750375232293099/original/d6474ab5-80dc-43a2-b82d-e7748b0f5e58.jpeg,-1.443022518668545,-48.489477977960085
1475574562714913800,Apto Alto Padrão em Belém.,Apartamento ⋅ Umarizal,6009.88,0.0,0,3 quartos; 3 camas,https://a0.muscache.com/im/pictures/hosting/Hosting-1475574562714913770/original/92651b1a-d32c-4911-87ed-197bb5c0c2ca.jpeg; https://a0.muscache.com/im/pictures/hosting/Hosting-1475574562714913770/original/8cee8704-55b6-4a6c-b476-ce94c4fafa91.jpeg; https://a0.muscache.com/im/pictures/hosting/Hosting-1475574562714913770/original/36ee58d8-de10-481c-96cd-63ca505cb6db.jpeg; https://a0.muscache.com/im/pictures/hosting/Hosting-1475574562714913770/original/8258ebc7-3474-4d0a-a8d4-08db47c6f2f9.jpeg; https://a0.muscache.com/im/pictures/hosting/Hosting-1475574562714913770/original/9a22fc25-77a5-48bf-91d3-045abed1e782.jpeg; https://a0.muscache.com/im/pictures/hosting/Hosting-1475574562714913770/original/e435e07c-e1e3-4b3d-8318-7e523ff590f5.jpeg,-1.4399832709249913,-48.48216042272328
1507191744350756000,Apartamento para COP 30,Apartamento ⋅ Telégrafo,7392.48,0.0,0,3 quartos; 3 camas,https://a0.muscache.com/im/pictures/hosting/Hosting-1507191744350755999/original/9571c0be-d5d5-467c-a13f-ed278577648a.jpeg; https://a0.muscache.com/im/pictures/hosting/Hosting-1507191744350755999/original/b05df909-c288-4f49-8aa8-a674903fefff.jpeg; https://a0.muscache.com/im/pictures/hosting/Hosting-1507191744350755999/original/f541971f-43ba-43cb-a5bd-6e785054ad9a.jpeg; https://a0.muscache.com/im/pictures/hosting/Hosting-1507191744350755999/original/9bee8676-bbf0-4101-b28e-9d1a73f86988.jpeg; https://a0.muscache.com/im/pictures/hosting/Hosting-1507191744350755999/original/19c587e4-5008-4651-9ab4-18654d69d8cc.jpeg; https://a0.muscache.com/im/pictures/hosting/Hosting-1507191744350755999/original/0700b54b-3553-42aa-b4a1-10bf10592004.jpeg,-1.4313,-48.4873
1503692847813101600,Aluguel COP 30 - disponível de 27/10 a 30/11.,Apartamento ⋅ Marambaia,3091.55,0.0,0,3 quartos; 2 camas,https://a0.muscache.com/im/pictures/hosting/Hosting-1503692847813101517/original/7b8649b1-0718-4767-8622-b1cb12fdd5f3.jpeg; https://a0.muscache.com/im/pictures/hosting/Hosting-1503692847813101517/original/21e43a65-22dc-4d6f-9096-f17d1fe2f8cd.jpeg; https://a0.muscache.com/im/pictures/hosting/Hosting-1503692847813101517/original/4544d6b2-0871-426e-8e54-89718f822e85.jpeg; https://a0.muscache.com/im/pictures/hosting/Hosting-1503692847813101517/original/ea65b358-73d4-49e7-b82e-7624cbabedc7.jpeg; https://a0.muscache.com/im/pictures/hosting/Hosting-1503692847813101517/original/45e97161-5e82-4879-9898-04547a3c608c.jpeg; https://a0.muscache.com/im/pictures/hosting/Hosting-1503692847813101517/original/69a4d99c-c492-41a4-a919-1529c134f5f3.jpeg,-1.4041,-48.4497
1429648553828484900,Apartamento enorme incrível!,Apartamento ⋅ Nazaré,6847.06,0.0,0,3 quartos; 6 camas,https://a0.muscache.com/im/pictures/hosting/Hosting-1429648553828484770/original/e457a369-60fe-4352-b405-876b145a5879.jpeg; https://a0.muscache.com/im/pictures/hosting/Hosting-1429648553828484770/original/630f26a0-cf74-4b7a-a724-f043bd9ce0f6.jpeg; https://a0.muscache.com/im/pictures/hosting/Hosting-1429648553828484770/original/bf356103-df32-4750-9fee-b629824ec2fa.jpeg; https://a0.muscache.com/im/pictures/hosting/Hosting-1429648553828484770/original/c99b8e0c-e7c9-4b9d-97c6-394dda1d5a95.jpeg; https://a0.muscache.com/im/pictures/hosting/Hosting-1429648553828484770/original/304e4639-ee99-4d2e-9f89-c646b5f33f2c.jpeg; https://a0.muscache.com/im/pictures/hosting/Hosting-1429648553828484770/original/fca6330d-137e-4fb8-9436-3c1e4f2c0cec.jpeg,-1.4495690920068502,-48.47988565345817
1503924019875144200,Apto Inteiro e Condomínio Completo. Aproveite!,Apartamento ⋅ Umarizal,5749.87,0.0,0,3 quartos; 4 camas,https://a0.muscache.com/im/pictures/hosting/Hosting-1503924019875144272/original/246ef1de-1d7e-4874-a132-4e696ab52e6f.jpeg; https://a0.muscache.com/im/pictures/hosting/Hosting-1503924019875144272/original/4da19039-26b3-4617-8393-1d654e07a30e.jpeg; https://a0.muscache.com/im/pictures/hosting/Hosting-1503924019875144272/original/d0f9ce4c-3b1e-49f6-8b0f-9020da43c7bb.jpeg; https://a0.muscache.com/im/pictures/hosting/Hosting-1503924019875144272/original/bd1e46e2-5823-4563-9dc2-b1267eb31e5e.jpeg; https://a0.muscache.com/im/pictures/hosting/Hosting-1503924019875144272/original/c46d7bda-1c8f-4233-bf11-6af71089aee8.jpeg; https://a0.muscache.com/im/pictures/hosting/Hosting-1503924019875144272/original/8192dc67-0450-4dc2-918a-d39edb43735b.jpeg,-1.4392,-48.4896
1496679949642642000,Casa Cop 30,Casa ⋅ Velha,6847.06,0.0,0,4 quartos; 7 camas,https://a0.muscache.com/im/pictures/hosting/Hosting-1496679949642642029/original/7725aa58-abb4-4a92-a9bf-753cee71fd81.jpeg; https://a0.muscache.com/im/pictures/hosting/Hosting-1496679949642642029/original/c4fba9c2-9100-44a1-9ae3-df8da4a3a951.jpeg; https://a0.muscache.com/im/pictures/hosting/Hosting-1496679949642642029/original/a1a26c12-d41c-435a-90ef-b18c2bc1f078.jpeg; https://a0.muscache.com/im/pictures/hosting/Hosting-1496679949642642029/original/437cafdd-9415-4bc7-9115-188f726ccdbc.jpeg; https://a0.muscache.com/im/pictures/hosting/Hosting-1496679949642642029/original/0d6aca40-6efb-414d-a393-f6ca35b16159.jpeg; https://a0.muscache.com/im/pictures/hosting/Hosting-1496679949642642029/original/655f312c-6d9e-4382-bdce-315dc267f76a.jpeg,-1.4618,-48.5018
1496473729617980000,Acomodação COP30,Apartamento ⋅ Val-de-Cães,6410.54,0.0,0,2 quartos; 2 camas,https://a0.muscache.com/im/pictures/hosting/Hosting-1496473729617979857/original/58b89d8f-79f4-4251-9806-fcb558db5986.jpeg; https://a0.muscache.com/im/pictures/hosting/Hosting-1496473729617979857/original/c24414be-9017-49e2-9490-2a41f621cb6c.jpeg; https://a0.muscache.com/im/pictures/hosting/Hosting-1496473729617979857/original/968113c1-e6a8-4340-9e6c-cbb78899abee.jpeg; https://a0.muscache.com/im/pictures/hosting/Hosting-1496473729617979857/original/ed780e15-48a9-45ce-8b0b-088fd08d6e17.jpeg; https://a0.muscache.com/im/pictures/hosting/Hosting-1496473729617979857/original/ac2e96be-9d5d-44fd-83da-6b2e2ba9cd91.jpeg; https://a0.muscache.com/im/pictures/hosting/Hosting-1496473729617979857/original/9aa1e6ba-d03b-40cb-a522-d8f894addc7b.jpeg,-1.3913,-48.4695
1506385006515327700,Apartamento Moderno com Vista Panorâmica da cidade,Apartamento ⋅ Marco,5387.33,0.0,0,3 quartos; 4 camas,https://a0.muscache.com/im/pictures/hosting/Hosting-1506385006515327629/original/b470f12c-a18b-4570-b1f3-505f1b69fa92.jpeg; https://a0.muscache.com/im/pictures/miso/Hosting-1506385006515327629/original/10908510-1bd1-453a-847f-3029298fe8de.jpeg; https://a0.muscache.com/im/pictures/hosting/Hosting-1506385006515327629/original/048d3a19-c981-400d-b293-5eb1e06be0d2.jpeg; https://a0.muscache.com/im/pictures/hosting/Hosting-1506385006515327629/original/1f22bc56-15a4-45a8-ac5c-3bedfe779639.jpeg; https://a0.muscache.com/im/pictures/hosting/Hosting-1506385006515327629/original/4794bbef-f756-48bb-8085-9dd6411404cd.jpeg; https://a0.muscache.com/im/pictures/hosting/Hosting-1506385006515327629/original/23f432c1-8372-4873-af61-fb8238666aec.jpeg,-1.4291,-48.4626
1503527600272697900,apartamento premium - umarizal - Belém/PA cop 30,Apartamento ⋅ Umarizal,7217.71,0.0,0,3 quartos; 4 camas,https://a0.muscache.com/im/pictures/hosting/Hosting-1503527600272697949/original/a83aa115-1828-41d2-a2ab-ac75e9285eae.jpeg; https://a0.muscache.com/im/pictures/hosting/Hosting-1503527600272697949/original/7a0ab5b3-df72-46eb-aa24-bd65faca28a0.jpeg; https://a0.muscache.com/im/pictures/hosting/Hosting-1503527600272697949/original/d6bce686-4923-443f-8c72-6caa5c3fd6e2.jpeg; https://a0.muscache.com/im/pictures/hosting/Hosting-1503527600272697949/original/539c65c4-0f50-41a8-8def-f62d88fe2ad0.jpeg; https://a0.muscache.com/im/pictures/hosting/Hosting-1503527600272697949/original/a692d3df-d00d-4b4e-91a8-00aec1d6ab47.jpeg; https://a0.muscache.com/im/pictures/hosting/Hosting-1503527600272697949/original/4fb8bda5-f910-43d4-b307-64fe1e2dfe3b.jpeg,-1.4389,-48.4856
1523151287786535000,Apto aconchegante no melhor bairro de Belém,Apartamento ⋅ Belém,8558.83,0.0,0,3 quartos; 3 camas,https://a0.muscache.com/im/pictures/hosting/Hosting-1523151287786534827/original/4a649db5-b521-4037-84d4-a44b14e033c5.jpeg; https://a0.muscache.com/im/pictures/hosting/Hosting-1523151287786534827/original/fcbf63ed-bd3b-440e-8e51-0b17a18e48d8.jpeg; https://a0.muscache.com/im/pictures/hosting/Hosting-1523151287786534827/original/43835293-0d66-411e-9b40-b96c6244f5d7.jpeg; https://a0.muscache.com/im/pictures/hosting/Hosting-1523151287786534827/original/5364d6f2-dfc7-48eb-abd8-babaed31974e.jpeg; https://a0.muscache.com/im/pictures/hosting/Hosting-1523151287786534827/original/1418f6ce-9bc6-4654-94a2-b3c63286b1d2.jpeg; https://a0.muscache.com/im/pictures/hosting/Hosting-1523151287786534827/original/952603b5-4cc5-4a18-aad8-5e8fbf3d5cc0.jpeg,-1.4424,-48.4842
1466702754125871000,"COP30, hangar, parque da cidade em belem",Apartamento ⋅ Marco,5178.47,0.0,0,3 quartos; 3 camas,https://a0.muscache.com/im/pictures/hosting/Hosting-1466702754125871202/original/4a1c60a8-6528-4fbf-a5e8-17d786846561.jpeg; https://a0.muscache.com/im/pictures/hosting/Hosting-1466702754125871202/original/d1d64c0a-7c71-4496-99bb-8b87512b121c.jpeg; https://a0.muscache.com/im/pictures/hosting/Hosting-1466702754125871202/original/8a996e7d-58bc-47bd-b8ef-4c0168876500.jpeg; https://a0.muscache.com/im/pictures/hosting/Hosting-1466702754125871202/original/78fcccba-c447-430c-9203-22013191f1f0.jpeg; https://a0.muscache.com/im/pictures/hosting/Hosting-1466702754125871202/original/47b39ac8-1508-4a4d-b7f1-e09659519d6f.jpeg; https://a0.muscache.com/im/pictures/hosting/Hosting-1466702754125871202/original/3fd38321-8c28-4d4a-8ea2-cf64b6693113.jpeg,-1.429,-48.4653
1524140536591629600,Apartamento de Alto Padrão no Umarizal,Apartamento ⋅ Belém,6847.06,0.0,0,3 quartos; 3 camas,https://a0.muscache.com/im/pictures/hosting/Hosting-1524140536591629573/original/85c55dfd-c009-4aa9-9edd-36007f4b2006.jpeg; https://a0.muscache.com/im/pictures/hosting/Hosting-1524140536591629573/original/288cc28e-4aca-491b-9775-6fc6a448a659.jpeg; https://a0.muscache.com/im/pictures/hosting/Hosting-1524140536591629573/original/f9acdcc3-0f6a-47d7-8d47-d63c4fabf4a0.jpeg; https://a0.muscache.com/im/pictures/hosting/Hosting-1524140536591629573/original/bf98a315-0530-4375-a2cb-7960ba0cb39a.jpeg; https://a0.muscache.com/im/pictures/hosting/Hosting-1524140536591629573/original/75985466-caa7-47fe-b740-d5a2da97a6b6.jpeg; https://a0.muscache.com/im/pictures/hosting/Hosting-1524140536591629573/original/7aebb8ec-9914-4175-b735-0bba7b76aa5e.jpeg,-1.4449,-48.4844
1492942106302721300,Apartamento para Cop30,Apartamento ⋅ Umarizal,4519.06,0.0,0,2 quartos; 2 camas,https://a0.muscache.com/im/pictures/hosting/Hosting-1492942106302721361/original/14ae0f18-7a51-4fd8-863e-bf2019009fc6.jpeg; https://a0.muscache.com/im/pictures/hosting/Hosting-1492942106302721361/original/85ca48c9-92fa-4211-933e-df48c308c67b.jpeg; https://a0.muscache.com/im/pictures/hosting/Hosting-1492942106302721361/original/3539f7dc-dd0c-410b-81c0-e93893bd4c05.jpeg; https://a0.muscache.com/im/pictures/hosting/Hosting-1492942106302721361/original/b7f8998e-2753-409e-b93b-fcfdce97b2e4.jpeg; https://a0.muscache.com/im/pictures/hosting/Hosting-1492942106302721361/original/c7e54cec-8b92-4d56-90a9-4cbff9e72d2c.jpeg; https://a0.muscache.com/im/pictures/hosting/Hosting-1492942106302721361/original/8da5529c-8f8a-453c-8166-221dad8bda93.jpeg,-1.4369,-48.4885
1395775757582724400,Apartamento para COP 30 - 5km do Hangar,Apartamento ⋅ Nazaré,7557.7,0.0,0,3 quartos; 5 camas,https://a0.muscache.com/im/pictures/hosting/Hosting-1395775757582724476/original/60616da3-2df3-445f-84e4-408f9720fd4c.jpeg; https://a0.muscache.com/im/pictures/hosting/Hosting-1395775757582724476/original/72088549-e920-48ed-8f9b-0eae600da439.jpeg; https://a0.muscache.com/im/pictures/hosting/Hosting-1395775757582724476/original/e0985cd5-7742-4979-b23d-b3e0c32e42d9.jpeg; https://a0.muscache.com/im/pictures/hosting/Hosting-1395775757582724476/original/3a3139b0-0394-40bf-a418-25f04c5a6ec6.jpeg; https://a0.muscache.com/im/pictures/hosting/Hosting-1395775757582724476/original/081be81b-76a1-408f-a8d1-4743aa66b066.jpeg; https://a0.muscache.com/im/pictures/hosting/Hosting-1395775757582724476/original/bd0182c5-53f5-4cac-9d0d-fb34308ec9ca.jpeg,-1.4526314668269655,-48.478858865534264
1525570969985762000,"Apto Umarizal, ao lado da Doca - COP 30 [2 hósp.]",Apartamento ⋅ Belém,4974.62,0.0,0,1 quarto; 1 cama,https://a0.muscache.com/im/pictures/hosting/Hosting-1525570969985761960/original/fec5023a-740c-4b81-816f-33791163e86d.jpeg; https://a0.muscache.com/im/pictures/hosting/Hosting-1525570969985761960/original/e7ba3bbe-17cd-402a-b952-f5cadaacf770.jpeg; https://a0.muscache.com/im/pictures/hosting/Hosting-1525570969985761960/original/0ac47d2d-f679-4214-89d5-4fb53ad9e220.jpeg; https://a0.muscache.com/im/pictures/hosting/Hosting-1525570969985761960/original/ab8fb532-5665-44ad-b02f-c852dbe53574.jpeg; https://a0.muscache.com/im/pictures/hosting/Hosting-1525570969985761960/original/fbe04d6f-7682-4c65-bb03-61fd8badae13.jpeg; https://a0.muscache.com/im/pictures/hosting/Hosting-1525570969985761960/original/69bcb6a3-abaf-4c7f-b583-2a1de1ad8f7d.jpeg,-1.4429,-48.4882
1512656422203747300,apartamento confortável e seguro,Apartamento ⋅ Umarizal,7679.3,0.0,0,4 quartos; 4 camas,https://a0.muscache.com/im/pictures/hosting/Hosting-1512639539065566383/original/f40d6796-86a4-45e7-bcb6-7a7575451083.jpeg; https://a0.muscache.com/im/pictures/hosting/Hosting-1512656422203747400/original/9aa4e3d8-072e-4f14-820c-cfe4b269eaba.jpeg; https://a0.muscache.com/im/pictures/hosting/Hosting-1512656422203747400/original/da65a9b8-7528-4b8d-b302-d45d1929949f.jpeg; https://a0.muscache.com/im/pictures/hosting/Hosting-1512656422203747400/original/7e8672f3-4dca-450d-ad21-e3b6201484f2.jpeg; https://a0.muscache.com/im/pictures/hosting/Hosting-1512656422203747400/original/3c186f99-10a1-4931-8eb6-f345c487367e.jpeg; https://a0.muscache.com/im/pictures/hosting/Hosting-1512656422203747400/original/df06f8d7-7631-4a5f-ba7a-1543e26445b4.jpeg,-1.446132432730076,-48.48247629205904
1526329990854107400,AP aconchegante para COP 30 em Belém,Apartamento ⋅ Belém,7531.77,0.0,0,3 quartos; 3 camas,https://a0.muscache.com/im/pictures/hosting/Hosting-1526329990854107327/original/0298068f-d0d4-4818-806e-1fcc2fd68d5a.jpeg; https://a0.muscache.com/im/pictures/hosting/Hosting-1526329990854107327/original/01a6b56c-048c-4594-9d7a-98ed0a315b55.jpeg; https://a0.muscache.com/im/pictures/hosting/Hosting-1526329990854107327/original/74596597-e124-4374-979f-2026efc036c6.jpeg; https://a0.muscache.com/im/pictures/hosting/Hosting-1526329990854107327/original/b889edc6-3baa-4ed5-a0b6-5fcb42932aaa.jpeg; https://a0.muscache.com/im/pictures/hosting/Hosting-1526329990854107327/original/3cbcb82c-777e-4f33-b5ec-50a6f0dea6fa.jpeg; https://a0.muscache.com/im/pictures/hosting/Hosting-1526329990854107327/original/fd7db809-a1d5-4e05-9a93-47a16b5f1f87.jpeg,-1.4396,-48.4825
1511159094800030500,Cobertura duplex 180m2 ótima localização,Apartamento ⋅ Umarizal,5492.9,0.0,0,3 quartos; 6 camas,https://a0.muscache.com/im/pictures/hosting/Hosting-1511159094800030588/original/8a53241f-8d7c-48cd-a6a2-cb8fe83b88f2.jpeg; https://a0.muscache.com/im/pictures/hosting/Hosting-1511159094800030588/original/1e7a35b6-6c91-4fb7-905f-0f2e511a7e4c.jpeg; https://a0.muscache.com/im/pictures/hosting/Hosting-1511159094800030588/original/7bfc8acf-2dcf-4d5e-b3d5-819866728355.jpeg; https://a0.muscache.com/im/pictures/hosting/Hosting-1511159094800030588/original/46067ec1-682e-4a0e-92f0-3e04635bb4e9.jpeg; https://a0.muscache.com/im/pictures/hosting/Hosting-1511159094800030588/original/abda9abf-cbdf-4b89-a4f5-13a88d6f35dc.jpeg; https://a0.muscache.com/im/pictures/hosting/Hosting-1511159094800030588/original/5b99be6c-2139-474e-87f3-ed4c88e7b981.jpeg,-1.4346,-48.4883
1522068127486270700,Aluguel de Casa COP 30/PA proximo ao Aeroporto.,Casa ⋅ Belém,8505.89,0.0,0,5 quartos; 8 camas,https://a0.muscache.com/im/pictures/hosting/Hosting-1522068127486270783/original/8e13dc6f-0c56-43a8-802b-8b66df98baaa.jpeg; https://a0.muscache.com/im/pictures/hosting/Hosting-1522068127486270783/original/c30fd5ee-d3b9-43d3-8b07-7faed80cefe9.jpeg; https://a0.muscache.com/im/pictures/hosting/Hosting-1522068127486270783/original/edc7eaee-72fa-46de-b85b-ba6f017ac819.jpeg; https://a0.muscache.com/im/pictures/hosting/Hosting-1522068127486270783/original/bc34c30b-24d6-4e1b-b0cc-cb64aa6214ce.jpeg; https://a0.muscache.com/im/pictures/hosting/Hosting-1522068127486270783/original/e299a3b3-10e7-493e-a636-896af897e994.jpeg; https://a0.muscache.com/im/pictures/hosting/Hosting-1522068127486270783/original/d2b510a0-a65e-4e47-8ddb-a6cb67b2d49b.jpeg,-1.3957,-48.4727
1491555048870366500,COP 30 Apto 1/4 suíte bairro nobre,Apartamento ⋅ Umarizal,4108.24,0.0,0,1 quarto; 1 cama de casal,https://a0.muscache.com/im/pictures/hosting/Hosting-1491555048870366575/original/2ae5496e-9d47-40e4-ba76-834970a2be2f.jpeg; https://a0.muscache.com/im/pictures/hosting/Hosting-1491555048870366575/original/3967df9c-679e-4b79-a370-0a0400d3411e.jpeg; https://a0.muscache.com/im/pictures/hosting/Hosting-1491555048870366575/original/893c0658-e168-4598-a3bc-ee18eecd96c1.jpeg; https://a0.muscache.com/im/pictures/hosting/Hosting-1491555048870366575/original/8c9ef2a9-c3ae-4654-b262-86c7fcdad6a3.jpeg; https://a0.muscache.com/im/pictures/hosting/Hosting-1491555048870366575/original/88eac86e-2aca-4ad2-a566-afe7adb86743.jpeg; https://a0.muscache.com/im/pictures/hosting/Hosting-1491555048870366575/original/25ac21f9-c094-4056-87b9-2c7c680b1b75.jpeg,-1.4444,-48.4817
1440709861047255300,Exclusivo para COP30,Apartamento ⋅ Marco,4580.27,0.0,0,2 quartos; 3 camas,https://a0.muscache.com/im/pictures/hosting/Hosting-1440709861047255250/original/350ae8cd-c227-40c7-9497-28d0050ec1d3.jpeg; https://a0.muscache.com/im/pictures/hosting/Hosting-1440709861047255250/original/c452fdb3-237d-424f-9358-570cc8b96e6f.jpeg; https://a0.muscache.com/im/pictures/hosting/Hosting-1440709861047255250/original/d5e8ec4d-89dd-41a0-8eeb-cf5a30bbe1d7.jpeg; https://a0.muscache.com/im/pictures/hosting/Hosting-1440709861047255250/original/99d93424-4e98-4c25-9d68-a8bfe3e29654.jpeg; https://a0.muscache.com/im/pictures/hosting/Hosting-1440709861047255250/original/c82d48f5-4abf-45a2-aa8e-43aba78a7886.jpeg; https://a0.muscache.com/im/pictures/hosting/Hosting-1440709861047255250/original/8b848e6d-b0d7-479c-8db9-6e75d723c041.jpeg,-1.43947,-48.47095
1514553949055901200,Conforto e estilo na nova Doca,Apartamento ⋅ Belém,7702.94,0.0,0,2 quartos; 2 camas de solteiro,https://a0.muscache.com/im/pictures/hosting/Hosting-1514553949055901098/original/71d9a38f-f782-4272-a2d7-32c0a4fb4d05.jpeg; https://a0.muscache.com/im/pictures/hosting/Hosting-1514553949055901098/original/a80310bf-5d02-4a3d-bac4-294f0ab1a480.jpeg; https://a0.muscache.com/im/pictures/hosting/Hosting-1514553949055901098/original/9e1e7725-a5c5-4953-950d-0e19a13e792c.jpeg; https://a0.muscache.com/im/pictures/hosting/Hosting-1514553949055901098/original/b4424852-1a9a-4fab-8fe0-d11b121453cf.jpeg; https://a0.muscache.com/im/pictures/hosting/Hosting-1514553949055901098/original/6f97845d-165a-4ffb-a37a-a2942a7cbc2e.jpeg; https://a0.muscache.com/im/pictures/hosting/Hosting-1514553949055901098/original/73a13a20-c441-41db-8f75-ce6aeeecff9c.jpeg,-1.4420222062906085,-48.49341447287941
1515986504496273700,Apart. mobiliado COP30 em excelente localização.,Apartamento ⋅ Belém,5648.83,0.0,0,2 quartos; 2 camas,https://a0.muscache.com/im/pictures/hosting/Hosting-1515986504496273659/original/b3703851-b950-44f7-815a-ff53890004c4.jpeg; https://a0.muscache.com/im/pictures/hosting/Hosting-1515986504496273659/original/b823ac4c-4dd4-46e0-b98e-3d71924d755f.jpeg; https://a0.muscache.com/im/pictures/hosting/Hosting-1515986504496273659/original/30350d97-42f1-41dd-ac66-85b9f5012c21.jpeg; https://a0.muscache.com/im/pictures/hosting/Hosting-1515986504496273659/original/0332315b-6c9d-4688-ad63-81c98c5e626a.jpeg; https://a0.muscache.com/im/pictures/hosting/Hosting-1515986504496273659/original/728c510e-3434-45e0-8028-47a39fbb4a45.jpeg; https://a0.muscache.com/im/pictures/hosting/Hosting-1515986504496273659/original/bf0078f6-2734-492a-a60a-f2266c564a03.jpeg,-1.4601,-48.4885
1510896291590541800,Apartamento espaço inteiro COP30 bem localizado.,Apartamento ⋅ Batista Campos,6847.06,0.0,0,2 quartos; 3 camas,https://a0.muscache.com/im/pictures/hosting/Hosting-1510896291590541870/original/4643e1fe-cd2d-47bf-a901-ef14a68324a1.jpeg; https://a0.muscache.com/im/pictures/hosting/Hosting-1510896291590541870/original/e3098530-2f59-4eee-b259-6c473b5a26c4.jpeg; https://a0.muscache.com/im/pictures/hosting/Hosting-1510896291590541870/original/e621b982-dab3-48f5-ab92-a0299ca2e762.jpeg; https://a0.muscache.com/im/pictures/hosting/Hosting-1510896291590541870/original/532a1685-6c55-44bc-865c-76d212b44ff1.jpeg; https://a0.muscache.com/im/pictures/hosting/Hosting-1510896291590541870/original/6fdc95ff-7310-463f-b6a6-3852c8f4df31.jpeg; https://a0.muscache.com/im/pictures/hosting/Hosting-1510896291590541870/original/6cd8b573-af33-4552-8fec-1b54d5fb5c06.jpeg,-1.4584,-48.4866
1510267432305979100,COP 30 Belém - AP bem localizado e confortável.,Apartamento ⋅ Pedreira,6121.18,0.0,0,3 quartos; 3 camas,https://a0.muscache.com/im/pictures/hosting/Hosting-1510267432305979166/original/5cfc529c-61b0-4278-b1c9-8a38fb54c56b.jpeg; https://a0.muscache.com/im/pictures/hosting/Hosting-1510267432305979166/original/f364b5bb-2063-4cb7-8f04-c76b12174b92.jpeg; https://a0.muscache.com/im/pictures/hosting/Hosting-1510267432305979166/original/58d1260b-4e89-4dab-b8c1-6a0dfbca4538.jpeg; https://a0.muscache.com/im/pictures/hosting/Hosting-1510267432305979166/original/f3298e46-e2b0-4bfe-ac7b-020fe40aae50.jpeg; https://a0.muscache.com/im/pictures/hosting/Hosting-1510267432305979166/original/3a50b65c-ecba-48f0-9339-50db3f3241f8.jpeg; https://a0.muscache.com/im/pictures/hosting/Hosting-1510267432305979166/original/e05006dc-da68-4d1f-bcab-75190cd90aa3.jpeg,-1.4241,-48.4647
1432693429050233600,Apto central/ bairro São Brás /prox. COP30,Apartamento ⋅ Guamá,3729.57,0.0,0,2 quartos; 2 camas de casal,https://a0.muscache.com/im/pictures/hosting/Hosting-1432693429050233541/original/fc62712c-cfc7-41f8-b79f-15fc5c3ec4d0.jpeg; https://a0.muscache.com/im/pictures/hosting/Hosting-1432693429050233541/original/112f4f97-97cc-4029-a95a-06f244be51d7.jpeg; https://a0.muscache.com/im/pictures/hosting/Hosting-1432693429050233541/original/8a90cb2e-e65a-40ef-837c-72563210816d.jpeg; https://a0.muscache.com/im/pictures/hosting/Hosting-1432693429050233541/original/1fc3d5a2-589a-4f5b-b8e6-712f1f87833b.jpeg; https://a0.muscache.com/im/pictures/hosting/Hosting-1432693429050233541/original/e609b3c8-d8e8-4f40-8393-fe2ac8ef4fa4.jpeg; https://a0.muscache.com/im/pictures/hosting/Hosting-1432693429050233541/original/e3f99af7-8816-4b47-8105-b49fb6947c84.jpeg,-1.4592883119013083,-48.46965324281411
1504557645419179800,Apartamento em Umarizal para COP 30,Apartamento ⋅ Umarizal,4718.28,0.0,0,3 quartos; 3 camas,https://a0.muscache.com/im/pictures/hosting/Hosting-1504557645419179901/original/d1a31ee8-639d-4de2-baa0-1bbf7b939c5f.jpeg; https://a0.muscache.com/im/pictures/hosting/Hosting-1504557645419179901/original/2d384aaf-1a22-4a94-a267-73b08147a8ce.jpeg; https://a0.muscache.com/im/pictures/hosting/Hosting-1504557645419179901/original/31153efe-572a-41db-b70c-259222715b0a.jpeg; https://a0.muscache.com/im/pictures/hosting/Hosting-1504557645419179901/original/dba00da9-680b-4b00-9560-efb621874e06.jpeg; https://a0.muscache.com/im/pictures/hosting/Hosting-1504557645419179901/original/f38ea593-bbef-404b-a9d5-a7c10bf37787.jpeg; https://a0.muscache.com/im/pictures/hosting/Hosting-1504557645419179901/original/4e9edb04-9dbf-4720-94dc-0470dab2839e.jpeg,-1.4391,-48.4896
1487055900226872000,Cop30 - Melhor que Hotel,Apartamento ⋅ Umarizal,7988.24,0.0,0,3 quartos; 3 camas,https://a0.muscache.com/im/pictures/hosting/Hosting-1487055900226872024/original/f155b453-4307-46d3-8629-2146af8ff652.jpeg; https://a0.muscache.com/im/pictures/hosting/Hosting-1487055900226872024/original/099c5e5c-cfd9-47f7-a3cc-b27603dcd815.jpeg; https://a0.muscache.com/im/pictures/hosting/Hosting-1487055900226872024/original/07df9345-6c53-40b1-885e-527733dbc2e5.jpeg; https://a0.muscache.com/im/pictures/hosting/Hosting-1487055900226872024/original/0506053e-9125-4112-b680-49b83320b467.jpeg; https://a0.muscache.com/im/pictures/hosting/Hosting-1487055900226872024/original/2a3a4dcd-a55f-4e2b-872c-890f288663ab.jpeg; https://a0.muscache.com/im/pictures/hosting/Hosting-1487055900226872024/original/da3b3ad6-3a81-4a7b-9999-0132195441be.jpeg,-1.4452,-48.4879
817399667408363600,Belém Cop 30 Apartamento Novo Centro (Ed. Mistral),Apartamento ⋅ Cremação,4676.4,0.0,0,2 quartos; 4 camas,https://a0.muscache.com/im/pictures/hosting/Hosting-817399667408363648/original/1e2f7719-b61a-49bc-838d-36f70a54eda7.jpeg; https://a0.muscache.com/im/pictures/hosting/Hosting-817399667408363648/original/50826dde-f0d1-45f4-a19c-81d224422798.jpeg; https://a0.muscache.com/im/pictures/hosting/Hosting-817399667408363648/original/46dc499b-bc5a-4c8b-ab9c-4c14e1c78902.jpeg; https://a0.muscache.com/im/pictures/hosting/Hosting-817399667408363648/original/933ffa0b-14c2-40a2-a26f-6a6aab4faa2e.jpeg; https://a0.muscache.com/im/pictures/hosting/Hosting-817399667408363648/original/bdad0855-2ab6-4616-967c-ca5af586e3b5.jpeg; https://a0.muscache.com/im/pictures/hosting/Hosting-817399667408363648/original/7db231da-fa1f-472d-9a43-0e18e63a9c20.jpeg,-1.4605,-48.4791
1450050061935864800,Mistral na Cop30!,Apartamento ⋅ Cremação,5705.89,0.0,0,2 quartos; 2 camas,https://a0.muscache.com/im/pictures/hosting/Hosting-1450050061935864839/original/dbd87ff3-6d0e-4b28-a59a-94af23b1c937.jpeg; https://a0.muscache.com/im/pictures/hosting/Hosting-1450050061935864839/original/6752d35a-1852-4530-8589-28008198eaa6.jpeg; https://a0.muscache.com/im/pictures/hosting/Hosting-1450050061935864839/original/069e84d5-7fab-4996-bf6c-44d7ccd91c23.jpeg; https://a0.muscache.com/im/pictures/hosting/Hosting-1450050061935864839/original/e0dbbf69-90f0-4bd7-9a02-8d348e1a73be.jpeg; https://a0.muscache.com/im/pictures/hosting/Hosting-1450050061935864839/original/0a3e1232-a062-4652-9984-924c40c10124.jpeg; https://a0.muscache.com/im/pictures/hosting/Hosting-1450050061935864839/original/c9797c6c-691f-4fba-9c87-0a6eb5318daf.jpeg,-1.4609,-48.4784
1513270985506113300,"Ap. novo, conforto, moderno, localizado em Nazaré",Apartamento ⋅ Nazaré,6162.36,0.0,0,2 quartos; 3 camas,https://a0.muscache.com/im/pictures/hosting/Hosting-1513270985506113312/original/b1b41144-3c78-4e20-acaf-3d65726787b0.jpeg; https://a0.muscache.com/im/pictures/hosting/Hosting-1513270985506113312/original/5b683a71-6820-4053-9b44-10ac1022711e.jpeg; https://a0.muscache.com/im/pictures/hosting/Hosting-1513270985506113312/original/967e527e-7b59-4832-a3c3-4422ab4cb9b6.jpeg; https://a0.muscache.com/im/pictures/hosting/Hosting-1513270985506113312/original/b45c6c68-5abe-4d6f-9bfb-20e5a7719d35.jpeg; https://a0.muscache.com/im/pictures/hosting/Hosting-1513270985506113312/original/b5d5533e-a56b-4714-b644-98c2a113b86d.jpeg; https://a0.muscache.com/im/pictures/hosting/Hosting-1513270985506113312/original/e8e6cec8-231e-410e-a8cf-0ffc4cc05e3d.jpeg,-1.4503238926454993,-48.4814667865605
1516593368064147200,Apto 2 Quartos c/ Lazer Completo •Próx. COP30/Aero,Apartamento ⋅ Belém,3729.54,0.0,0,2 quartos; 3 camas,https://a0.muscache.com/im/pictures/hosting/Hosting-1516593368064147303/original/3349fb22-32e7-4f4e-b079-0de189cf051c.jpeg; https://a0.muscache.com/im/pictures/hosting/Hosting-1516593368064147303/original/5ffdd1a9-17ff-474e-b177-9b0472daf9bd.jpeg; https://a0.muscache.com/im/pictures/hosting/Hosting-1516593368064147303/original/800f324f-2a9f-4d83-84bc-bdfdec6fa687.jpeg; https://a0.muscache.com/im/pictures/hosting/Hosting-1516593368064147303/original/8a541bf1-dbdc-4184-bd33-7980935d364b.jpeg; https://a0.muscache.com/im/pictures/hosting/Hosting-1516593368064147303/original/b39175ec-4b0d-4960-9386-f1015caa38da.jpeg; https://a0.muscache.com/im/pictures/hosting/Hosting-1516593368064147303/original/f4873436-93df-4e80-8ec3-0ed9628b8b06.jpeg,-1.4262,-48.4663
1426894292068529700,Ed. Rio Mendoza - COP 30,Apartamento ⋅ Marco,7324.09,0.0,0,3 quartos; 3 camas,https://a0.muscache.com/im/pictures/miso/Hosting-1426894292068529670/original/fe569284-f3f3-43d4-972b-0f126424873f.jpeg; https://a0.muscache.com/im/pictures/miso/Hosting-1426894292068529670/original/26cc8fab-bc5c-496d-b1b0-e26bb96b5b0e.jpeg; https://a0.muscache.com/im/pictures/miso/Hosting-1426894292068529670/original/6ebef9c1-34e5-4acf-aa6c-4fbe398ddcb3.jpeg; https://a0.muscache.com/im/pictures/miso/Hosting-1426894292068529670/original/51dc7644-b2d4-442f-854d-6825f563ecb8.jpeg; https://a0.muscache.com/im/pictures/miso/Hosting-1426894292068529670/original/e7f19997-b051-4b2c-8136-2a428065b6eb.jpeg; https://a0.muscache.com/im/pictures/miso/Hosting-1426894292068529670/original/7ba4132f-73b8-4fab-819d-37c7dcbb1cf5.jpeg,-1.432,-48.4611
1340520172542942700,Conforto e PraticidadeA 10 Minutos da COP30,Apartamento ⋅ Maracangalha,3786.43,0.0,0,2 quartos; 2 camas,https://a0.muscache.com/im/pictures/hosting/Hosting-1340520172542942652/original/ff2ffaab-5d9c-4413-8cac-b04f867c8346.jpeg; https://a0.muscache.com/im/pictures/hosting/Hosting-1340520172542942652/original/26731626-4f65-4061-8930-396a5bf497ee.jpeg; https://a0.muscache.com/im/pictures/hosting/Hosting-1340520172542942652/original/70b38808-95a3-4339-ae7b-f51656fd6381.jpeg; https://a0.muscache.com/im/pictures/hosting/Hosting-1340520172542942652/original/fa3a9c88-cacd-4389-9701-63cda9078d0b.jpeg; https://a0.muscache.com/im/pictures/hosting/Hosting-1340520172542942652/original/8a6c6713-4740-4502-b335-dba9af9c429f.jpeg; https://a0.muscache.com/im/pictures/hosting/Hosting-1340520172542942652/original/b8791662-1b0a-4553-b4bf-5abec4525470.jpeg,-1.4008,-48.4911
1489832030891724800,Apartamento lindo para a COP 30,Apartamento ⋅ Marco,7959.58,0.0,0,2 quartos; 3 camas,https://a0.muscache.com/im/pictures/hosting/Hosting-1489832030891724862/original/de3f25fc-e780-4e1b-8eff-c0689afd5f96.png; https://a0.muscache.com/im/pictures/hosting/Hosting-1489832030891724862/original/db9ab344-d3e4-4b80-94c4-425212d349a0.png; https://a0.muscache.com/im/pictures/hosting/Hosting-1489832030891724862/original/ee96e5a8-9c93-40b4-8c11-d6381d612252.png; https://a0.muscache.com/im/pictures/hosting/Hosting-1489832030891724862/original/de90ea82-76ca-46e9-b8b1-23d6ef8c03ae.jpeg; https://a0.muscache.com/im/pictures/hosting/Hosting-1489832030891724862/original/9a6a4232-6855-4628-8e1b-dc8e1756e841.jpeg; https://a0.muscache.com/im/pictures/hosting/Hosting-1489832030891724862/original/1304d911-e5ed-4e6b-8412-2b9e2a36db83.jpeg,-1.43371,-48.45511
1501845591966353700,COP30 Apt. novo no Umarizal em Belém do Pará,Apartamento ⋅ Campina,5103.53,0.0,0,2 quartos; 2 camas,https://a0.muscache.com/im/pictures/hosting/Hosting-1501845591966353574/original/190646a5-56ed-485a-ac65-a02f536536ba.jpeg; https://a0.muscache.com/im/pictures/hosting/Hosting-1501845591966353574/original/187e8ddc-e1fe-4bb9-b4a1-8134c5a1f54e.jpeg; https://a0.muscache.com/im/pictures/hosting/Hosting-1501845591966353574/original/320c5020-a4c3-4999-9724-3183da8b778b.jpeg; https://a0.muscache.com/im/pictures/hosting/Hosting-1501845591966353574/original/d2ebccf7-43aa-4a94-9b05-e1c533f91b31.jpeg; https://a0.muscache.com/im/pictures/hosting/Hosting-1501845591966353574/original/f0f6b2cf-4f95-40f4-9e63-c5a07c844291.jpeg; https://a0.muscache.com/im/pictures/hosting/Hosting-1501845591966353574/original/8d8506d0-3b0d-4def-b4a8-314b726f1426.jpeg,-1.4419467724201225,-48.48711936630884
28466701,"Excelente localização, limpeza e conforto.",Apartamento ⋅ Belém,3662.14,4.69,117,2 quartos; 4 camas,https://a0.muscache.com/im/pictures/6e3b37c8-154e-447d-99bf-4c3039df6264.jpg; https://a0.muscache.com/im/pictures/69e44a3d-7586-4a9d-ac53-d0dbbef5777d.jpg; https://a0.muscache.com/im/pictures/0d2f4907-b7ac-4814-8310-77a6ff2f082f.jpg; https://a0.muscache.com/im/pictures/ae9b93e3-6d03-420f-b5a9-c47f7a54aaee.jpg; https://a0.muscache.com/im/pictures/b3170ff2-1ba1-4d53-993a-1aaa3ad8a19c.jpg; https://a0.muscache.com/im/pictures/065998a0-7d08-4d72-b212-8d15aa54da86.jpg,-1.43298,-48.45088
1031308366971063400,Casa c/ Piscina e Lazer Completo,Casa ⋅ Belém,3324.97,4.88,8,4 quartos; 4 camas,https://a0.muscache.com/im/pictures/miso/Hosting-1031308366971063372/original/f1e59bf3-85da-4f19-86fd-53769af389b2.jpeg; https://a0.muscache.com/im/pictures/miso/Hosting-1031308366971063372/original/fb4c54a5-e0b8-40c6-9ce2-e1d3e7eb5f90.jpeg; https://a0.muscache.com/im/pictures/miso/Hosting-1031308366971063372/original/a94bafd3-869f-45d1-9405-2bbf590bd1dc.jpeg; https://a0.muscache.com/im/pictures/miso/Hosting-1031308366971063372/original/aa2723ad-3fc4-4245-b9ed-2bbc5939a255.jpeg; https://a0.muscache.com/im/pictures/miso/Hosting-1031308366971063372/original/fc04ef34-40da-48bb-92ef-33fe4e0ea0f8.jpeg; https://a0.muscache.com/im/pictures/miso/Hosting-1031308366971063372/original/70099826-bdaf-4a5b-a79e-24ef089f427a.jpeg,-1.41724,-48.48003
1448046075840291000,Linda Casa - COP30 2025,Casa ⋅ Belém,3405.77,0.0,0,2 quartos; 4 camas,https://a0.muscache.com/im/pictures/hosting/Hosting-1448046075840291121/original/18353374-7e14-46d4-8366-26396e6db1fb.jpeg; https://a0.muscache.com/im/pictures/hosting/Hosting-1448046075840291121/original/af2fe3ed-81e5-4082-a0d8-1f4589ae233a.jpeg; https://a0.muscache.com/im/pictures/hosting/Hosting-U3RheVN1cHBseUxpc3Rpbmc6MTQ0ODA0NjA3NTg0MDI5MTEyMQ==/original/748a0543-fe08-4c29-96a3-0c09310a668d.jpeg; https://a0.muscache.com/im/pictures/hosting/Hosting-U3RheVN1cHBseUxpc3Rpbmc6MTQ0ODA0NjA3NTg0MDI5MTEyMQ==/original/be203cd7-e913-4265-af79-35f68036b334.jpeg; https://a0.muscache.com/im/pictures/hosting/Hosting-U3RheVN1cHBseUxpc3Rpbmc6MTQ0ODA0NjA3NTg0MDI5MTEyMQ==/original/6ac63530-2061-4edb-a3f9-e2f4f4d2af15.jpeg; https://a0.muscache.com/im/pictures/hosting/Hosting-1448046075840291121/original/11c7fab0-96c4-42cd-8bac-b06e4d0eecc9.jpeg,-1.4653,-48.4631
826165497474880100,Apto Smart Boulevard mobiliado!,Apartamento ⋅ Belém,4411.06,4.96,25,2 quartos; 3 camas,https://a0.muscache.com/im/pictures/miso/Hosting-826165497474880125/original/333177b9-57b9-469b-85f5-dba361488f53.jpeg; https://a0.muscache.com/im/pictures/miso/Hosting-826165497474880125/original/3b81148d-a9a8-43dc-b6bc-1b0a7343d29f.jpeg; https://a0.muscache.com/im/pictures/miso/Hosting-826165497474880125/original/2084a477-5da1-42e1-89dc-08a0119caf65.jpeg; https://a0.muscache.com/im/pictures/96c5749e-7541-4070-bc11-d2a94d4f8df3.jpg; https://a0.muscache.com/im/pictures/miso/Hosting-826165497474880125/original/ea4b965f-f8f5-4459-8121-45af706abbde.jpeg; https://a0.muscache.com/im/pictures/37fd5831-f811-482d-9a4d-2d755b5460c3.jpg,-1.4456,-48.4856
1473360924457526500,Apartamento no coração da cidade,Apartamento ⋅ Belém,3421.03,4.67,3,2 quartos; 2 camas,https://a0.muscache.com/im/pictures/hosting/Hosting-1473360924457526640/original/084ab095-8a0e-4237-aba8-1d8a42e153e1.jpeg; https://a0.muscache.com/im/pictures/hosting/Hosting-1473360924457526640/original/5b36d49a-9b63-49a3-9fe5-73b5f4061905.jpeg; https://a0.muscache.com/im/pictures/hosting/Hosting-1473360924457526640/original/546a3be9-daf1-466b-9c0a-a1a573a0fea0.jpeg; https://a0.muscache.com/im/pictures/hosting/Hosting-1473360924457526640/original/d08eb02f-bf35-43c1-b3b4-cb862301b8d4.jpeg; https://a0.muscache.com/im/pictures/hosting/Hosting-1473360924457526640/original/f90c763a-fdee-4a44-b833-3f569031fc95.jpeg; https://a0.muscache.com/im/pictures/hosting/Hosting-1473360924457526640/original/dfec7c33-e1a3-47ae-94b1-12acfac407e9.jpeg,-1.4397,-48.48295
1512529368173126700,Cobertura com piscina em Belém perto da B. Campos,Apartamento ⋅ Belém,8923.03,0.0,0,4 quartos; 4 camas,https://a0.muscache.com/im/pictures/hosting/Hosting-1512529368173126670/original/e65899b6-4f9b-4200-a030-1fe6169c0598.jpeg; https://a0.muscache.com/im/pictures/hosting/Hosting-1512529368173126670/original/4e6aebb8-1d1b-4cf8-b247-5812c0ab420a.jpeg; https://a0.muscache.com/im/pictures/hosting/Hosting-1512529368173126670/original/ae39c0ee-3bc9-48ff-9850-0f10a2df2133.jpeg; https://a0.muscache.com/im/pictures/hosting/Hosting-1512529368173126670/original/6a32d987-9c2a-472f-9f83-61d4ce6761df.jpeg; https://a0.muscache.com/im/pictures/hosting/Hosting-1512529368173126670/original/770c0c70-b041-4e2f-9b79-08f7ad2efb61.png; https://a0.muscache.com/im/pictures/hosting/Hosting-1512529368173126670/original/88aadb79-c7b1-4b42-a8a3-80cc6a8c5bba.jpeg,-1.4657737604553838,-48.48997068799872
1426894292068529700,Ed. Rio Mendoza - COP 30,Apartamento ⋅ Belém,7324.09,0.0,0,3 quartos; 3 camas,https://a0.muscache.com/im/pictures/miso/Hosting-1426894292068529670/original/fe569284-f3f3-43d4-972b-0f126424873f.jpeg; https://a0.muscache.com/im/pictures/miso/Hosting-1426894292068529670/original/26cc8fab-bc5c-496d-b1b0-e26bb96b5b0e.jpeg; https://a0.muscache.com/im/pictures/miso/Hosting-1426894292068529670/original/6ebef9c1-34e5-4acf-aa6c-4fbe398ddcb3.jpeg; https://a0.muscache.com/im/pictures/miso/Hosting-1426894292068529670/original/51dc7644-b2d4-442f-854d-6825f563ecb8.jpeg; https://a0.muscache.com/im/pictures/miso/Hosting-1426894292068529670/original/e7f19997-b051-4b2c-8136-2a428065b6eb.jpeg; https://a0.muscache.com/im/pictures/miso/Hosting-1426894292068529670/original/7ba4132f-73b8-4fab-819d-37c7dcbb1cf5.jpeg,-1.432,-48.4611
1354321421796640500,Apartamento COP 30,Apartamento ⋅ Belém,4401.76,0.0,0,2 quartos; 3 camas,https://a0.muscache.com/im/pictures/miso/Hosting-1354321421796640530/original/52e01fcc-6b67-4ca7-9ba1-f7efc1dea07c.jpeg; https://a0.muscache.com/im/pictures/miso/Hosting-1354321421796640530/original/4984bf7b-5891-4ba9-a287-b3b1e2824b43.jpeg; https://a0.muscache.com/im/pictures/miso/Hosting-1354321421796640530/original/1db3cb44-2fea-4d71-9a8d-3a3a0f3d3ff4.jpeg; https://a0.muscache.com/im/pictures/miso/Hosting-1354321421796640530/original/a936a260-cce2-4886-a59d-1345d5bfaadd.jpeg; https://a0.muscache.com/im/pictures/miso/Hosting-1354321421796640530/original/7ca9368c-cb7c-4041-887f-2c8ea81daa83.jpeg; https://a0.muscache.com/im/pictures/miso/Hosting-1354321421796640530/original/fb6f4ee5-53d2-4048-b6fe-4ab26c4bbb55.jpeg,-1.4343,-48.4621
1523151287786535000,Apto aconchegante no melhor bairro de Belém,Apartamento ⋅ Belém,8558.83,0.0,0,3 quartos; 3 camas,https://a0.muscache.com/im/pictures/hosting/Hosting-1523151287786534827/original/4a649db5-b521-4037-84d4-a44b14e033c5.jpeg; https://a0.muscache.com/im/pictures/hosting/Hosting-1523151287786534827/original/fcbf63ed-bd3b-440e-8e51-0b17a18e48d8.jpeg; https://a0.muscache.com/im/pictures/hosting/Hosting-1523151287786534827/original/43835293-0d66-411e-9b40-b96c6244f5d7.jpeg; https://a0.muscache.com/im/pictures/hosting/Hosting-1523151287786534827/original/5364d6f2-dfc7-48eb-abd8-babaed31974e.jpeg; https://a0.muscache.com/im/pictures/hosting/Hosting-1523151287786534827/original/1418f6ce-9bc6-4654-94a2-b3c63286b1d2.jpeg; https://a0.muscache.com/im/pictures/hosting/Hosting-1523151287786534827/original/952603b5-4cc5-4a18-aad8-5e8fbf3d5cc0.jpeg,-1.4424,-48.4842
1521992925101608000,Apartamento Nazaré Cop-30,Apartamento ⋅ Belém,2658.8,0.0,0,2 quartos; 4 camas,https://a0.muscache.com/im/pictures/hosting/Hosting-1521992925101608020/original/41144e00-a48e-4e06-b0f9-a92732b5f6c3.jpeg; https://a0.muscache.com/im/pictures/hosting/Hosting-1521992925101608020/original/93ce574e-5652-4bc6-afd0-ff313bcd22d8.jpeg; https://a0.muscache.com/im/pictures/hosting/Hosting-1521992925101608020/original/e1ad6474-fa1d-4b8c-8647-6a4eaff018ff.jpeg; https://a0.muscache.com/im/pictures/hosting/Hosting-1521992925101608020/original/45b7893c-4e5b-4980-bbcd-8815b7039897.jpeg; https://a0.muscache.com/im/pictures/hosting/Hosting-1521992925101608020/original/0733e34f-4f1a-4e44-b967-a958e3ab38d7.jpeg; https://a0.muscache.com/im/pictures/hosting/Hosting-1521992925101608020/original/de3b436f-93e8-47ff-9f14-c0268fa6310b.jpeg,-1.44755,-48.47806
1510980877524236300,Luxuoso Apartamento para CoP30 a 5 minutos Hangar,Apartamento ⋅ Belém,5135.3,0.0,0,3 quartos; 5 camas,https://a0.muscache.com/im/pictures/hosting/Hosting-1450852732516947291/original/64ef502d-2461-4dab-a398-797f678c390d.jpeg; https://a0.muscache.com/im/pictures/hosting/Hosting-1450852732516947291/original/0501856d-4bfb-490a-b5e2-8c60544e1547.jpeg; https://a0.muscache.com/im/pictures/hosting/Hosting-1450852732516947291/original/90f00f0f-5771-4b31-9bf0-39fe3b27a47c.jpeg; https://a0.muscache.com/im/pictures/hosting/Hosting-1450852732516947291/original/e5c42269-34ad-43de-b8a6-b8010de780e0.jpeg; https://a0.muscache.com/im/pictures/hosting/Hosting-1450852732516947291/original/ea1cd625-3243-4949-9fd3-712f34d630dc.jpeg; https://a0.muscache.com/im/pictures/hosting/Hosting-1450852732516947291/original/eb9d3f3c-8d88-4817-b3ee-86b7d1f67a64.jpeg,-1.43918,-48.46365
1526358523379554800,Hospede-se na COP 30,Apartamento ⋅ Belém,4620.94,0.0,0,2 quartos; 1 cama de casal,https://a0.muscache.com/im/pictures/hosting/Hosting-1526358523379554797/original/dcb78cca-a91c-4ad3-9e85-adb2256d2643.jpeg; https://a0.muscache.com/im/pictures/hosting/Hosting-1526358523379554797/original/d653b217-2f2a-49dd-b1ab-0a69ebc997ed.jpeg; https://a0.muscache.com/im/pictures/hosting/Hosting-1526358523379554797/original/5516a9b7-45b0-4a21-927c-60fe24532fbd.jpeg; https://a0.muscache.com/im/pictures/hosting/Hosting-1526358523379554797/original/559538e5-6f86-43df-b263-949d5c904fba.jpeg; https://a0.muscache.com/im/pictures/hosting/Hosting-1526358523379554797/original/17e21c5f-22d1-4ab9-b0d1-1893d25295a1.jpeg; https://a0.muscache.com/im/pictures/hosting/Hosting-1526358523379554797/original/7a1855c9-9598-4829-b215-37f962dc52f8.jpeg,-1.4242,-48.4649
1485494094780983600,Apartamento COP30 bairro Marco,Apartamento ⋅ Belém,1844.79,0.0,0,3 quartos; 3 camas,https://a0.muscache.com/im/pictures/hosting/Hosting-1485494094780983501/original/287459b3-a4a5-44c4-bf63-fafded4dc0a9.jpeg; https://a0.muscache.com/im/pictures/hosting/Hosting-1485494094780983501/original/52c12740-0591-48c3-9e79-ebd48e379341.jpeg; https://a0.muscache.com/im/pictures/hosting/Hosting-1485494094780983501/original/f9106f30-6ea1-4708-bdde-47c7e0af8d9f.jpeg; https://a0.muscache.com/im/pictures/hosting/Hosting-1485494094780983501/original/2ecb9182-3c42-46ca-a80a-b2ad569cad5b.jpeg; https://a0.muscache.com/im/pictures/hosting/Hosting-1485494094780983501/original/42c8e1e9-e56e-468a-8aa2-8774dcca516e.jpeg; https://a0.muscache.com/im/pictures/hosting/Hosting-1485494094780983501/original/cf9b81b4-a093-4887-9f87-26b4f42ef479.jpeg,-1.4339583045984146,-48.466811596280024
1471863512048571400,Conforto e segurança em Belém,Apartamento ⋅ Belém,3093.32,0.0,0,3 quartos; 3 camas,https://a0.muscache.com/im/pictures/hosting/Hosting-1471863512048571508/original/9d73a195-1acc-4851-8d90-83dd4bd932bf.jpeg; https://a0.muscache.com/im/pictures/hosting/Hosting-1471863512048571508/original/798406dc-2473-4890-aaa5-3deaf4a1cd4d.jpeg; https://a0.muscache.com/im/pictures/hosting/Hosting-1471863512048571508/original/eda77608-67e8-4311-b94a-dee8b078f767.jpeg; https://a0.muscache.com/im/pictures/hosting/Hosting-1471863512048571508/original/cd18171f-1251-45b5-b863-d52d80b912e1.jpeg; https://a0.muscache.com/im/pictures/hosting/Hosting-1471863512048571508/original/628dc94e-a99b-4a83-bae3-c6ede1d5a981.jpeg; https://a0.muscache.com/im/pictures/hosting/Hosting-1471863512048571508/original/11b2e616-a3ec-4fe7-b1d5-cc06fdb6553a.jpeg,-1.4276039866528365,-48.46925833834081
1460879615486272800,Studio na Amazônia,Apartamento ⋅ Belém,4861.92,5.0,3,1 quarto; 2 camas,https://a0.muscache.com/im/pictures/hosting/Hosting-1460879615486272738/original/5fff0393-47cc-44ab-8c53-13acfa439e65.jpeg; https://a0.muscache.com/im/pictures/hosting/Hosting-1460879615486272738/original/7477cb38-a683-4bcf-baaf-d95b0720ddb1.jpeg; https://a0.muscache.com/im/pictures/hosting/Hosting-1460879615486272738/original/b19f18d7-288f-4e55-af34-d8c5a6e38ee9.jpeg; https://a0.muscache.com/im/pictures/hosting/Hosting-1460879615486272738/original/26ffdea4-2cd6-4417-9736-5e3b7611e9d2.jpeg; https://a0.muscache.com/im/pictures/hosting/Hosting-1460879615486272738/original/19482fa5-cb1b-4a81-870d-32449b5f95e3.jpeg; https://a0.muscache.com/im/pictures/hosting/Hosting-1460879615486272738/original/eab39c03-a4de-43d8-b8ca-52872c6b526e.jpeg,-1.4466,-48.47
1516713414167815400,"Frente para o bosque, apartamento 03 Suítes cop-30",Apartamento ⋅ Belém,7790.59,0.0,0,3 quartos; 4 camas,https://a0.muscache.com/im/pictures/hosting/Hosting-1516713414167815476/original/968c00ba-b3ac-4edc-8cab-79d0f7b3c6be.jpeg; https://a0.muscache.com/im/pictures/hosting/Hosting-1516713414167815476/original/df0a6ae6-dffa-49b9-bbe5-61aaad621293.jpeg; https://a0.muscache.com/im/pictures/hosting/Hosting-1516713414167815476/original/71a95537-4946-4052-9d62-71c650ca3901.jpeg; https://a0.muscache.com/im/pictures/hosting/Hosting-1516713414167815476/original/c3367bdb-0cdd-46ec-abcd-7d289ad1ffec.jpeg; https://a0.muscache.com/im/pictures/hosting/Hosting-1516713414167815476/original/19031d0d-d8e1-46f2-9d3b-8ef70d3db368.jpeg; https://a0.muscache.com/im/pictures/hosting/Hosting-1516713414167815476/original/632dd45b-ab12-41ce-ac9d-7ad16479ac94.jpeg,-1.43455,-48.46076
1454654791658870800,Condomínio Resort para COP 30,Apartamento ⋅ Belém,8621.07,0.0,0,3 quartos; 5 camas,https://a0.muscache.com/im/pictures/miso/Hosting-1454654791658870891/original/46dd059f-dcc9-482d-9819-86f394508063.jpeg; https://a0.muscache.com/im/pictures/miso/Hosting-1454654791658870891/original/0a179c6c-a1a9-4623-a85d-505cea9e36b2.jpeg; https://a0.muscache.com/im/pictures/miso/Hosting-1454654791658870891/original/248975cb-74ab-497f-9903-3fb20a54ea43.jpeg; https://a0.muscache.com/im/pictures/miso/Hosting-1454654791658870891/original/96fd1f34-c2f4-4be6-82bd-dc6eecabcff9.jpeg; https://a0.muscache.com/im/pictures/miso/Hosting-1454654791658870891/original/8cba2963-09df-4953-86ee-c62eae08de63.jpeg; https://a0.muscache.com/im/pictures/miso/Hosting-1454654791658870891/original/0c1be391-6e3b-452f-90fc-718f4501d276.jpeg,-1.4567,-48.4779
1497869383643648500,LOFT BELÉM com 1 quarto- COP 30,Apartamento ⋅ Belém,3800.12,0.0,0,1 quarto; 1 cama,https://a0.muscache.com/im/pictures/hosting/Hosting-1497869383643648508/original/ed5fbcba-9504-4c68-8f99-2b8b83b7b463.jpeg; https://a0.muscache.com/im/pictures/hosting/Hosting-1497869383643648508/original/e4cb996c-6ef1-464c-b01b-40577d2e8e2e.jpeg; https://a0.muscache.com/im/pictures/hosting/Hosting-1497869383643648508/original/8388e9dd-a654-4351-913c-087922f1531f.jpeg; https://a0.muscache.com/im/pictures/hosting/Hosting-1497869383643648508/original/089272ba-b005-4a50-8710-6cdc51fa3b74.jpeg; https://a0.muscache.com/im/pictures/hosting/Hosting-1497869383643648508/original/d3f5e587-d603-43e9-9be2-70c45c005a3c.jpeg; https://a0.muscache.com/im/pictures/hosting/Hosting-1497869383643648508/original/9c328c5a-56f3-4abf-ae75-b797578a6c4e.jpeg,-1.44722,-48.46993
1357427213429671200,Apartamento aconchegante no coração de Belém,Apartamento ⋅ Belém,4019.14,0.0,0,3 quartos; 4 camas,https://a0.muscache.com/im/pictures/hosting/Hosting-1357427213429671083/original/56196abb-48e3-4817-9f2d-bce340c9e272.jpeg; https://a0.muscache.com/im/pictures/hosting/Hosting-1357427213429671083/original/52602a9b-be2b-47df-91eb-16a1e8675785.jpeg; https://a0.muscache.com/im/pictures/hosting/Hosting-1357427213429671083/original/54a10249-d936-4790-ba77-803f4435ff6f.jpeg; https://a0.muscache.com/im/pictures/hosting/Hosting-1344167928437850770/original/db051958-7eca-4ecc-b871-7635613a4b5c.jpeg; https://a0.muscache.com/im/pictures/hosting/Hosting-1357427213429671083/original/a6adb842-6e11-47f4-8546-45e6e566e7eb.jpeg; https://a0.muscache.com/im/pictures/hosting/Hosting-1357427213429671083/original/73610c57-a581-4eac-81b0-6180021cbc97.jpeg,-1.46518,-48.49385
1522068127486270700,Aluguel de Casa COP 30/PA proximo ao Aeroporto.,Casa ⋅ Belém,8505.89,0.0,0,5 quartos; 8 camas,https://a0.muscache.com/im/pictures/hosting/Hosting-1522068127486270783/original/8e13dc6f-0c56-43a8-802b-8b66df98baaa.jpeg; https://a0.muscache.com/im/pictures/hosting/Hosting-1522068127486270783/original/c30fd5ee-d3b9-43d3-8b07-7faed80cefe9.jpeg; https://a0.muscache.com/im/pictures/hosting/Hosting-1522068127486270783/original/edc7eaee-72fa-46de-b85b-ba6f017ac819.jpeg; https://a0.muscache.com/im/pictures/hosting/Hosting-1522068127486270783/original/bc34c30b-24d6-4e1b-b0cc-cb64aa6214ce.jpeg; https://a0.muscache.com/im/pictures/hosting/Hosting-1522068127486270783/original/e299a3b3-10e7-493e-a636-896af897e994.jpeg; https://a0.muscache.com/im/pictures/hosting/Hosting-1522068127486270783/original/d2b510a0-a65e-4e47-8ddb-a6cb67b2d49b.jpeg,-1.3957,-48.4727
39048563,Maravilhoso Apto - Umarizal - Nova Doca - Belém/PA,Apartamento ⋅ Umarizal,4459.39,4.81,159,2 quartos; 3 camas,https://a0.muscache.com/im/pictures/c54b222a-497a-43fc-83cd-ab8301028d5d.jpg; https://a0.muscache.com/im/pictures/0faa280b-c742-45d7-8b07-fd50dad60ff6.jpg; https://a0.muscache.com/im/pictures/75594ea9-c615-4498-806a-7c9b3402cd3f.jpg; https://a0.muscache.com/im/pictures/b19106d8-3928-4e53-8e44-3f3c7709014b.jpg; https://a0.muscache.com/im/pictures/65253aa4-8af4-403c-87e6-763b7f6f04db.jpg; https://a0.muscache.com/im/pictures/5f8dd97e-0ef3-47f6-8615-25f59721bb6d.jpg,-1.44658,-48.48689
1481305917422788000,Apartamento COP 30,Apartamento ⋅ Belém,5240.83,0.0,0,2 quartos; 2 camas,https://a0.muscache.com/im/pictures/hosting/Hosting-1481305917422788184/original/19b30be8-e4c2-448b-830c-d538a16b5600.jpeg; https://a0.muscache.com/im/pictures/hosting/Hosting-1481305917422788184/original/67851655-2532-4dd6-82fb-11f8be00f23d.jpeg; https://a0.muscache.com/im/pictures/hosting/Hosting-1481305917422788184/original/f5b45a48-cd5f-49fd-8258-ea8738588e35.jpeg; https://a0.muscache.com/im/pictures/hosting/Hosting-1481305917422788184/original/933fc1ca-1734-420e-bc0c-d44f1f88302d.jpeg; https://a0.muscache.com/im/pictures/hosting/Hosting-1481305917422788184/original/a3b9602f-e70e-4647-b4c3-f6e2d7c77e6b.jpeg; https://a0.muscache.com/im/pictures/hosting/Hosting-1481305917422788184/original/e588a894-518c-47e9-a06c-1d325fc3c743.jpeg,-1.44573,-48.46503
1491555048870366500,COP 30 Apto 1/4 suíte bairro nobre,Apartamento ⋅ Belém,4108.24,0.0,0,1 quarto; 1 cama de casal,https://a0.muscache.com/im/pictures/hosting/Hosting-1491555048870366575/original/2ae5496e-9d47-40e4-ba76-834970a2be2f.jpeg; https://a0.muscache.com/im/pictures/hosting/Hosting-1491555048870366575/original/3967df9c-679e-4b79-a370-0a0400d3411e.jpeg; https://a0.muscache.com/im/pictures/hosting/Hosting-1491555048870366575/original/893c0658-e168-4598-a3bc-ee18eecd96c1.jpeg; https://a0.muscache.com/im/pictures/hosting/Hosting-1491555048870366575/original/8c9ef2a9-c3ae-4654-b262-86c7fcdad6a3.jpeg; https://a0.muscache.com/im/pictures/hosting/Hosting-1491555048870366575/original/88eac86e-2aca-4ad2-a566-afe7adb86743.jpeg; https://a0.muscache.com/im/pictures/hosting/Hosting-1491555048870366575/original/25ac21f9-c094-4056-87b9-2c7c680b1b75.jpeg,-1.4444,-48.4817
1468217464364538600,Residencial Piazza Toscana COP30-marambaia,Apartamento ⋅ Belém,6170.66,0.0,0,2 quartos; 3 camas,https://a0.muscache.com/im/pictures/hosting/Hosting-1468217464364538567/original/50076aea-4d5d-4cde-b973-c7bbac1a7b26.jpeg; https://a0.muscache.com/im/pictures/hosting/Hosting-1468217464364538567/original/3968029d-6ff5-49ab-a1f6-09a3b4758a89.jpeg; https://a0.muscache.com/im/pictures/hosting/Hosting-1468217464364538567/original/067f610e-905b-47b1-a00f-f75498da24a1.jpeg; https://a0.muscache.com/im/pictures/hosting/Hosting-1468217464364538567/original/c183c8b9-f234-400d-a02a-86ef955ce924.jpeg; https://a0.muscache.com/im/pictures/hosting/Hosting-1468217464364538567/original/afda6fbb-c1e4-423d-9a98-45285abc2e0d.jpeg; https://a0.muscache.com/im/pictures/hosting/Hosting-1468217464364538567/original/5fa71fa1-4ccf-4128-ab60-adc65d27bd37.jpeg,-1.4039,-48.4496
1503527600272697900,apartamento premium - umarizal - Belém/PA cop 30,Apartamento ⋅ Belém,7217.71,0.0,0,3 quartos; 4 camas,https://a0.muscache.com/im/pictures/hosting/Hosting-1503527600272697949/original/a83aa115-1828-41d2-a2ab-ac75e9285eae.jpeg; https://a0.muscache.com/im/pictures/hosting/Hosting-1503527600272697949/original/7a0ab5b3-df72-46eb-aa24-bd65faca28a0.jpeg; https://a0.muscache.com/im/pictures/hosting/Hosting-1503527600272697949/original/d6bce686-4923-443f-8c72-6caa5c3fd6e2.jpeg; https://a0.muscache.com/im/pictures/hosting/Hosting-1503527600272697949/original/539c65c4-0f50-41a8-8def-f62d88fe2ad0.jpeg; https://a0.muscache.com/im/pictures/hosting/Hosting-1503527600272697949/original/a692d3df-d00d-4b4e-91a8-00aec1d6ab47.jpeg; https://a0.muscache.com/im/pictures/hosting/Hosting-1503527600272697949/original/4fb8bda5-f910-43d4-b307-64fe1e2dfe3b.jpeg,-1.4389,-48.4856
1503924019875144200,Apto Inteiro e Condomínio Completo. Aproveite!,Apartamento ⋅ Belém,5749.87,0.0,0,3 quartos; 4 camas,https://a0.muscache.com/im/pictures/hosting/Hosting-1503924019875144272/original/246ef1de-1d7e-4874-a132-4e696ab52e6f.jpeg; https://a0.muscache.com/im/pictures/hosting/Hosting-1503924019875144272/original/4da19039-26b3-4617-8393-1d654e07a30e.jpeg; https://a0.muscache.com/im/pictures/hosting/Hosting-1503924019875144272/original/d0f9ce4c-3b1e-49f6-8b0f-9020da43c7bb.jpeg; https://a0.muscache.com/im/pictures/hosting/Hosting-1503924019875144272/original/bd1e46e2-5823-4563-9dc2-b1267eb31e5e.jpeg; https://a0.muscache.com/im/pictures/hosting/Hosting-1503924019875144272/original/c46d7bda-1c8f-4233-bf11-6af71089aee8.jpeg; https://a0.muscache.com/im/pictures/hosting/Hosting-1503924019875144272/original/8192dc67-0450-4dc2-918a-d39edb43735b.jpeg,-1.4392,-48.4896
1470505243885121800,Apto Cop30 alto padrão 3 suítes bairro Fátima,Apartamento ⋅ Belém,5798.22,0.0,0,3 quartos; 4 camas,https://a0.muscache.com/im/pictures/hosting/Hosting-1470505243885121810/original/2aac9da1-d697-4f20-aee5-782a983d19c7.jpeg; https://a0.muscache.com/im/pictures/hosting/Hosting-1470505243885121810/original/a97aec11-fcaa-4737-b6dd-3df2c21238aa.jpeg; https://a0.muscache.com/im/pictures/hosting/Hosting-1470505243885121810/original/d7ed17ea-b133-4fbd-ba28-7ed0d0b9e716.jpeg; https://a0.muscache.com/im/pictures/hosting/Hosting-1470505243885121810/original/8ec12ef4-ab28-4992-8e3f-64319bc868d6.jpeg; https://a0.muscache.com/im/pictures/hosting/Hosting-1470505243885121810/original/b9533e78-0860-4ab4-b70c-ed9370545665.jpeg; https://a0.muscache.com/im/pictures/hosting/Hosting-1470505243885121810/original/e9ebd326-29f8-447b-a0c5-655d12d2d56d.jpeg,-1.457,-48.4741
1510896291590541800,Apartamento espaço inteiro COP30 bem localizado.,Apartamento ⋅ Belém,6847.06,0.0,0,2 quartos; 3 camas,https://a0.muscache.com/im/pictures/hosting/Hosting-1510896291590541870/original/4643e1fe-cd2d-47bf-a901-ef14a68324a1.jpeg; https://a0.muscache.com/im/pictures/hosting/Hosting-1510896291590541870/original/e3098530-2f59-4eee-b259-6c473b5a26c4.jpeg; https://a0.muscache.com/im/pictures/hosting/Hosting-1510896291590541870/original/e621b982-dab3-48f5-ab92-a0299ca2e762.jpeg; https://a0.muscache.com/im/pictures/hosting/Hosting-1510896291590541870/original/532a1685-6c55-44bc-865c-76d212b44ff1.jpeg; https://a0.muscache.com/im/pictures/hosting/Hosting-1510896291590541870/original/6fdc95ff-7310-463f-b6a6-3852c8f4df31.jpeg; https://a0.muscache.com/im/pictures/hosting/Hosting-1510896291590541870/original/6cd8b573-af33-4552-8fec-1b54d5fb5c06.jpeg,-1.4584,-48.4866
1492942106302721300,Apartamento para Cop30,Apartamento ⋅ Belém,4519.06,0.0,0,2 quartos; 2 camas,https://a0.muscache.com/im/pictures/hosting/Hosting-1492942106302721361/original/14ae0f18-7a51-4fd8-863e-bf2019009fc6.jpeg; https://a0.muscache.com/im/pictures/hosting/Hosting-1492942106302721361/original/85ca48c9-92fa-4211-933e-df48c308c67b.jpeg; https://a0.muscache.com/im/pictures/hosting/Hosting-1492942106302721361/original/3539f7dc-dd0c-410b-81c0-e93893bd4c05.jpeg; https://a0.muscache.com/im/pictures/hosting/Hosting-1492942106302721361/original/b7f8998e-2753-409e-b93b-fcfdce97b2e4.jpeg; https://a0.muscache.com/im/pictures/hosting/Hosting-1492942106302721361/original/c7e54cec-8b92-4d56-90a9-4cbff9e72d2c.jpeg; https://a0.muscache.com/im/pictures/hosting/Hosting-1492942106302721361/original/8da5529c-8f8a-453c-8166-221dad8bda93.jpeg,-1.4369,-48.4885
1479931992832840700,Apartamento para COP30 Belém/PA.,Apartamento ⋅ Belém,6276.47,0.0,0,2 quartos; 3 camas,https://a0.muscache.com/im/pictures/hosting/Hosting-1479931992832840603/original/5906b50c-476c-499b-9ce3-76f5c320a142.jpeg; https://a0.muscache.com/im/pictures/hosting/Hosting-1479931992832840603/original/c8cbe790-df80-4284-b936-7a6bf2cf89f2.jpeg; https://a0.muscache.com/im/pictures/hosting/Hosting-1479931992832840603/original/7b46ad19-84bd-4c0a-b3f4-70f5f541492c.jpeg; https://a0.muscache.com/im/pictures/hosting/Hosting-1479931992832840603/original/f39ba056-b438-4099-b795-f19596ed3bca.jpeg; https://a0.muscache.com/im/pictures/hosting/Hosting-1479931992832840603/original/30de28ae-d455-46fd-868f-8785215ef4ab.jpeg; https://a0.muscache.com/im/pictures/hosting/Hosting-1479931992832840603/original/4a23fde9-9791-432c-9151-cb646be05f0e.jpeg,-1.4600177010553395,-48.478157692479485
1452151772445709300,"COP30 em 12' (5,2km) - Apartamento Climatizado",Apartamento ⋅ Belém,7406.12,0.0,0,3 quartos; 5 camas,https://a0.muscache.com/im/pictures/miso/Hosting-1452151772445709331/original/5d95aa9f-7768-4225-b32d-8e4dfbcba56b.jpeg; https://a0.muscache.com/im/pictures/miso/Hosting-1452151772445709331/original/3b767058-fe81-4db3-8a9d-01dc2bbd2c92.jpeg; https://a0.muscache.com/im/pictures/hosting/Hosting-1452151772445709331/original/cfacc349-f617-4afb-b1bd-305ef5ab51c4.jpeg; https://a0.muscache.com/im/pictures/miso/Hosting-1452151772445709331/original/557294b1-57fb-48bd-9f69-d022f024d2c4.jpeg; https://a0.muscache.com/im/pictures/miso/Hosting-1452151772445709331/original/b8dc2566-8e14-4aa6-81c8-db641b10cccd.jpeg; https://a0.muscache.com/im/pictures/miso/Hosting-1452151772445709331/original/844956f6-5d31-485a-8db2-cbea7ac9b2f5.jpeg,-1.4392,-48.4817
1507191744350756000,Apartamento para COP 30,Apartamento ⋅ Belém,7392.48,0.0,0,3 quartos; 3 camas,https://a0.muscache.com/im/pictures/hosting/Hosting-1507191744350755999/original/9571c0be-d5d5-467c-a13f-ed278577648a.jpeg; https://a0.muscache.com/im/pictures/hosting/Hosting-1507191744350755999/original/b05df909-c288-4f49-8aa8-a674903fefff.jpeg; https://a0.muscache.com/im/pictures/hosting/Hosting-1507191744350755999/original/f541971f-43ba-43cb-a5bd-6e785054ad9a.jpeg; https://a0.muscache.com/im/pictures/hosting/Hosting-1507191744350755999/original/9bee8676-bbf0-4101-b28e-9d1a73f86988.jpeg; https://a0.muscache.com/im/pictures/hosting/Hosting-1507191744350755999/original/19c587e4-5008-4651-9ab4-18654d69d8cc.jpeg; https://a0.muscache.com/im/pictures/hosting/Hosting-1507191744350755999/original/0700b54b-3553-42aa-b4a1-10bf10592004.jpeg,-1.4313,-48.4873
1487055900226872000,Cop30 - Melhor que Hotel,Apartamento ⋅ Belém,7988.24,0.0,0,3 quartos; 3 camas,https://a0.muscache.com/im/pictures/hosting/Hosting-1487055900226872024/original/f155b453-4307-46d3-8629-2146af8ff652.jpeg; https://a0.muscache.com/im/pictures/hosting/Hosting-1487055900226872024/original/099c5e5c-cfd9-47f7-a3cc-b27603dcd815.jpeg; https://a0.muscache.com/im/pictures/hosting/Hosting-1487055900226872024/original/07df9345-6c53-40b1-885e-527733dbc2e5.jpeg; https://a0.muscache.com/im/pictures/hosting/Hosting-1487055900226872024/original/0506053e-9125-4112-b680-49b83320b467.jpeg; https://a0.muscache.com/im/pictures/hosting/Hosting-1487055900226872024/original/2a3a4dcd-a55f-4e2b-872c-890f288663ab.jpeg; https://a0.muscache.com/im/pictures/hosting/Hosting-1487055900226872024/original/da3b3ad6-3a81-4a7b-9999-0132195441be.jpeg,-1.4452,-48.4879
1522800782415442000,COP e Aeroporto a 7 min shopping a pé,Apartamento ⋅ Belém,5342.12,0.0,0,3 quartos; 5 camas,https://a0.muscache.com/im/pictures/hosting/Hosting-1522800782415441992/original/b251ec3b-cb35-4fb1-bf58-83b938013db7.jpeg; https://a0.muscache.com/im/pictures/hosting/Hosting-1522800782415441992/original/b1ed7079-214a-4cd6-aa32-00f7302dbfc2.jpeg; https://a0.muscache.com/im/pictures/hosting/Hosting-1522800782415441992/original/455a0ce8-4adc-43dc-885d-9893d6172bc0.jpeg; https://a0.muscache.com/im/pictures/hosting/Hosting-1522800782415441992/original/7c368f8f-2e88-46fe-a36f-ff68ca2370fa.jpeg; https://a0.muscache.com/im/pictures/hosting/Hosting-1522800782415441992/original/b00f8e35-1d34-4672-86df-b0ed316d2639.jpeg; https://a0.muscache.com/im/pictures/hosting/Hosting-1522800782415441992/original/75d47e89-d822-42e6-947c-23f98a0bb81d.jpeg,-1.3891,-48.469
1395775757582724400,Apartamento para COP 30 - 5km do Hangar,Apartamento ⋅ Belém,7557.7,0.0,0,3 quartos; 5 camas,https://a0.muscache.com/im/pictures/hosting/Hosting-1395775757582724476/original/60616da3-2df3-445f-84e4-408f9720fd4c.jpeg; https://a0.muscache.com/im/pictures/hosting/Hosting-1395775757582724476/original/72088549-e920-48ed-8f9b-0eae600da439.jpeg; https://a0.muscache.com/im/pictures/hosting/Hosting-1395775757582724476/original/e0985cd5-7742-4979-b23d-b3e0c32e42d9.jpeg; https://a0.muscache.com/im/pictures/hosting/Hosting-1395775757582724476/original/3a3139b0-0394-40bf-a418-25f04c5a6ec6.jpeg; https://a0.muscache.com/im/pictures/hosting/Hosting-1395775757582724476/original/081be81b-76a1-408f-a8d1-4743aa66b066.jpeg; https://a0.muscache.com/im/pictures/hosting/Hosting-1395775757582724476/original/bd0182c5-53f5-4cac-9d0d-fb34308ec9ca.jpeg,-1.4526314668269655,-48.478858865534264
1293458912769016000,Majesty Crown Umarizal*,Apartamento ⋅ Belém,2848.78,4.5,14,1 quarto; 1 cama queen,https://a0.muscache.com/im/pictures/hosting/Hosting-1160360087217739034/original/140a346b-1657-462f-9a54-75d4c9dd69fc.jpeg; https://a0.muscache.com/im/pictures/hosting/Hosting-1293458912769015969/original/e0eeb906-bbd0-4c57-aa02-7135429b3dcc.jpeg; https://a0.muscache.com/im/pictures/hosting/Hosting-1293458912769015969/original/d26e2835-ab28-458d-bab1-960abb1bdc35.jpeg; https://a0.muscache.com/im/pictures/hosting/Hosting-1293458912769015969/original/2d79621f-c3dc-43f2-a154-7005df8d3084.jpeg; https://a0.muscache.com/im/pictures/hosting/Hosting-1293458912769015969/original/e7fda7d0-3471-48e1-84c8-d4ef51af5068.jpeg; https://a0.muscache.com/im/pictures/hosting/Hosting-1293458912769015969/original/99004c34-2d2e-4a4c-a90f-67e69b1e00df.jpeg,-1.4456,-48.4856
1523900585321839900,Apartamento alto padrão para COP30.,Apartamento ⋅ Belém,6720.0,0.0,0,3 quartos; 3 camas,https://a0.muscache.com/im/pictures/hosting/Hosting-1523900585321839766/original/78d69ba0-30bb-4ba8-ab99-3fc307e41187.jpeg; https://a0.muscache.com/im/pictures/hosting/Hosting-1523900585321839766/original/79976ac9-9a47-4b9b-9663-636587ab9b4e.jpeg; https://a0.muscache.com/im/pictures/hosting/Hosting-1523900585321839766/original/2c47711b-8d4a-4ea5-ba7a-63b1b3ef2f03.jpeg; https://a0.muscache.com/im/pictures/hosting/Hosting-1523900585321839766/original/57bb37c3-4723-411b-8ef9-b858b186bf72.jpeg; https://a0.muscache.com/im/pictures/hosting/Hosting-1523900585321839766/original/792d30fb-b9c2-4a86-b4a7-f2253ce1f2cd.jpeg; https://a0.muscache.com/im/pictures/hosting/Hosting-1523900585321839766/original/9352b19b-f9bb-466d-8e4a-20a142df7df3.jpeg,-1.4327,-48.4548
1384717120816067800,apartamento alto padrao para a COP 30,Apartamento ⋅ Belém,5705.89,0.0,0,3 quartos; 3 camas,https://a0.muscache.com/im/pictures/hosting/Hosting-1384717120816067917/original/0ee5534f-6316-4fd6-9dbc-8eb30ae137cf.jpeg; https://a0.muscache.com/im/pictures/hosting/Hosting-1384717120816067917/original/678ea27a-90bc-4c22-8f92-ad882bbee5a5.jpeg; https://a0.muscache.com/im/pictures/hosting/Hosting-1384717120816067917/original/c68487b0-3454-4367-8091-2550bb3d87f5.jpeg; https://a0.muscache.com/im/pictures/hosting/Hosting-1384717120816067917/original/3de2001c-b26e-4523-8994-d521ebbac5a4.jpeg; https://a0.muscache.com/im/pictures/hosting/Hosting-1384717120816067917/original/091fc4a3-774d-4174-a550-55206a0ab75e.jpeg; https://a0.muscache.com/im/pictures/hosting/Hosting-1384717120816067917/original/aae03eb0-291e-4007-8f88-f2105fe2cbba.jpeg,-1.4627,-48.4863
1334083468847063000,Apt a 10 minutos do Hangar COP30,Apartamento ⋅ Belém,4964.57,0.0,0,2 quartos; 2 camas,https://a0.muscache.com/im/pictures/miso/Hosting-1334083468847063081/original/6647237d-6423-46ed-8733-e87a0b0eab0a.jpeg; https://a0.muscache.com/im/pictures/miso/Hosting-1334083468847063081/original/d53d7649-e126-432e-bb08-b8d41b0e5a96.jpeg; https://a0.muscache.com/im/pictures/miso/Hosting-1334083468847063081/original/7b246f5d-c2cf-453f-972a-d6715a96e285.jpeg; https://a0.muscache.com/im/pictures/miso/Hosting-1334083468847063081/original/82eee004-a614-4eec-bd84-982703b41b9f.jpeg; https://a0.muscache.com/im/pictures/miso/Hosting-1334083468847063081/original/0d53ead9-a8ad-4054-96ce-f7b1095e25b6.jpeg; https://a0.muscache.com/im/pictures/miso/Hosting-1334083468847063081/original/a25a8bf9-03e7-46c3-9427-13d10c9ac156.jpeg,-1.4056,-48.448
1486141899170265600,Apartamento ideal para a COP30,Apartamento ⋅ Belém,4536.47,0.0,0,2 quartos; 2 camas,https://a0.muscache.com/im/pictures/hosting/Hosting-1486141899170265563/original/10d6d7cf-6493-4a2b-a2de-2d8962071ae4.jpeg; https://a0.muscache.com/im/pictures/hosting/Hosting-1486141899170265563/original/8b77093e-2b67-4e6c-bb46-850548ee02e5.jpeg; https://a0.muscache.com/im/pictures/hosting/Hosting-1486141899170265563/original/a54706e4-0569-43c2-9d71-3d9494cdf7e5.jpeg; https://a0.muscache.com/im/pictures/hosting/Hosting-1486141899170265563/original/196fbed3-3b3e-4232-af4a-231bf728b4db.jpeg; https://a0.muscache.com/im/pictures/hosting/Hosting-1486141899170265563/original/9ee0d8ea-9add-4f46-a67f-c2f43731db43.jpeg; https://a0.muscache.com/im/pictures/hosting/Hosting-1486141899170265563/original/bfd631d4-92fa-489a-b0c6-e461cc2f774d.jpeg,-1.4316,-48.4617
1509454449573714400,"COP 30
Excelente apartamento na Marambaia",Apartamento ⋅ Marambaia,3423.53,0.0,0,1 quarto; 1 cama,https://a0.muscache.com/im/pictures/hosting/Hosting-1509454449573714306/original/b85bea3c-8c50-4045-8042-7a1cba407325.jpeg; https://a0.muscache.com/im/pictures/hosting/Hosting-1509454449573714306/original/2231a51e-3f37-4ba6-94db-f85143f484dc.jpeg; https://a0.muscache.com/im/pictures/hosting/Hosting-1509454449573714306/original/304c28ed-6b87-4c2f-ae8b-0beedb19681c.jpeg; https://a0.muscache.com/im/pictures/hosting/Hosting-1509454449573714306/original/dcd924a3-74a4-4267-8de3-5ecb8b83e19e.jpeg; https://a0.muscache.com/im/pictures/hosting/Hosting-1509454449573714306/original/cd25ea99-7c8e-4b20-93d8-9a528f0f7a5b.jpeg; https://a0.muscache.com/im/pictures/hosting/Hosting-1509454449573714306/original/8116f60c-70ff-409f-a5c9-cee53152dec8.jpeg,-1.406226386979726,-48.45379335435119
1527833810799768000,Edifício Águas de Março Residence,Apartamento ⋅ Belém,3516.69,0.0,0,2 quartos; 2 camas,https://a0.muscache.com/im/pictures/hosting/Hosting-1527833810799768027/original/9fdf82fb-fff4-4489-b4c1-8d02ac4fad85.jpeg; https://a0.muscache.com/im/pictures/hosting/Hosting-1527833810799768027/original/17ae7cb1-8fc9-48f3-8522-0cc78948ec6c.jpeg; https://a0.muscache.com/im/pictures/hosting/Hosting-1527833810799768027/original/f0721c88-1bf0-4360-b5bb-6c6546a5740e.jpeg; https://a0.muscache.com/im/pictures/hosting/Hosting-1527833810799768027/original/16080504-7196-42a6-bb4b-d054db22b115.jpeg; https://a0.muscache.com/im/pictures/hosting/Hosting-1527833810799768027/original/bfd9d47c-1df1-43e6-b565-54e147018744.jpeg; https://a0.muscache.com/im/pictures/hosting/Hosting-1527833810799768027/original/b3ff6633-9c00-4065-8424-3ef4b71af81c.jpeg,-1.4452847103986017,-48.46433583351543
1514784280253353700,Estadia de luxo na baía,Apartamento ⋅ Belém,5229.32,0.0,0,2 quartos; 2 camas,https://a0.muscache.com/im/pictures/hosting/Hosting-1514784280253353687/original/4b76c3b0-fbda-4f5f-967e-dbb3432c397f.jpeg; https://a0.muscache.com/im/pictures/hosting/Hosting-1514784280253353687/original/0cdfa6a3-8ca7-4be0-b857-e7ae57d42f62.jpeg; https://a0.muscache.com/im/pictures/hosting/Hosting-1514784280253353687/original/cf798696-78fe-48ff-840a-1bf33b4c0b66.jpeg; https://a0.muscache.com/im/pictures/hosting/Hosting-1514784280253353687/original/a07d4563-9ac0-44ea-9b08-6d93134a0a70.jpeg; https://a0.muscache.com/im/pictures/hosting/Hosting-1514784280253353687/original/6df7ca62-d46a-4f74-8e30-dc05fe3be1b0.jpeg; https://a0.muscache.com/im/pictures/hosting/Hosting-1514784280253353687/original/6e195507-242d-440a-9761-debd50fdb65d.jpeg,-1.4401,-48.4915
960470164552516100,o Soul entrega conforto e Beleza.,Apartamento ⋅ Batista Campos,10016.47,0.0,0,3 quartos; 3 camas,https://a0.muscache.com/im/pictures/hosting/Hosting-960470164552516132/original/ef9b1f8c-7ebb-4c33-aae6-f37c8fdaa31f.jpeg; https://a0.muscache.com/im/pictures/hosting/Hosting-960470164552516132/original/bfd790ba-8447-4637-90a1-50fa9f3f9089.jpeg; https://a0.muscache.com/im/pictures/hosting/Hosting-960470164552516132/original/62f7f572-5be9-45ce-9073-8fdcb58cc42b.jpeg; https://a0.muscache.com/im/pictures/hosting/Hosting-960470164552516132/original/90887b51-0dc2-4360-b00c-cac968c531c7.jpeg; https://a0.muscache.com/im/pictures/hosting/Hosting-960470164552516132/original/67b7fadb-65fd-42ad-8ece-9b325162aa29.jpeg; https://a0.muscache.com/im/pictures/hosting/Hosting-960470164552516132/original/17c46465-da85-43ef-8139-6572cf4c2b62.jpeg,-1.4597794084862845,-48.48761126592289
1481332537380923100,Condomínio Resort para COP 30,Apartamento ⋅ Nazaré,9708.78,0.0,0,3 quartos; 3 camas,https://a0.muscache.com/im/pictures/hosting/Hosting-1481332537380923208/original/51501a14-7ba0-43c7-924f-50f0c88b356e.jpeg; https://a0.muscache.com/im/pictures/hosting/Hosting-1481332537380923208/original/60aa7e9c-88d6-4914-89ff-4fe9bddbc20d.jpeg; https://a0.muscache.com/im/pictures/hosting/Hosting-1481332537380923208/original/7cfa4906-9dc3-4979-9f3d-4b4fb02e2415.jpeg; https://a0.muscache.com/im/pictures/hosting/Hosting-1481332537380923208/original/3b9a258f-c6d7-4f3a-a7c6-2f237a033458.jpeg; https://a0.muscache.com/im/pictures/hosting/Hosting-1481332537380923208/original/1ea90647-0349-48b9-bacc-cc890a75c14a.jpeg; https://a0.muscache.com/im/pictures/hosting/Hosting-1481332537380923208/original/d1ee4f16-02ec-463f-82d8-96e8ac72d8b3.jpeg,-1.4566784000432258,-48.47880552170689
1503014493656561200,Apto 2 Suítes – Próximo ao Hangar - COP 30!,Apartamento ⋅ Marco,6847.06,0.0,0,2 quartos; 6 camas,https://a0.muscache.com/im/pictures/hosting/Hosting-1503014493656561025/original/de8f1ffa-597d-485d-9bac-f98679651747.jpeg; https://a0.muscache.com/im/pictures/hosting/Hosting-1503014493656561025/original/92566cb0-73cf-4a52-91e4-2c6a1c0e9bbd.jpeg; https://a0.muscache.com/im/pictures/hosting/Hosting-1503014493656561025/original/2aeb7bab-78eb-46fb-849a-743c41ed1a85.jpeg; https://a0.muscache.com/im/pictures/hosting/Hosting-1503014493656561025/original/40be0ddb-4053-4abf-afac-0e6eab4febef.jpeg; https://a0.muscache.com/im/pictures/hosting/Hosting-1503014493656561025/original/7b70da6a-634e-4221-9cec-02f1ac63b8f9.jpeg; https://a0.muscache.com/im/pictures/hosting/Hosting-1503014493656561025/original/ebc7393c-8c38-4177-b834-19cc7d966ecf.jpeg,-1.432,-48.4611
1495991224425088300,"Novo, elegante e seguro.",Apartamento ⋅ Batista Campos,4522.97,0.0,0,2 quartos; 5 camas,https://a0.muscache.com/im/pictures/hosting/Hosting-1495991224425088263/original/f89ad04b-87a5-44b0-8b51-90b3d0e4def5.png; https://a0.muscache.com/im/pictures/hosting/Hosting-1495991224425088263/original/d0cef39d-d901-4edf-9ee4-d88cae15e7ef.png; https://a0.muscache.com/im/pictures/hosting/Hosting-1495991224425088263/original/5766be93-caca-4bb4-855f-211e184a961c.png; https://a0.muscache.com/im/pictures/hosting/Hosting-1495991224425088263/original/5d5338d0-96a2-432c-beef-88edd253d0c0.jpeg; https://a0.muscache.com/im/pictures/hosting/Hosting-1495991224425088263/original/6ee21633-3689-49fc-8eef-e3defdecf388.png; https://a0.muscache.com/im/pictures/hosting/Hosting-1495991224425088263/original/f77a57ce-fd24-4ead-b0f2-5b31253e8155.png,-1.4653010940785993,-48.48670300923319
1516688024651175200,Studio completo na Doca,Apartamento ⋅ Belém,3380.05,0.0,0,1 cama,https://a0.muscache.com/im/pictures/hosting/Hosting-1378501013545202253/original/a4bf0263-9c72-43d7-8d83-ec06c765821e.jpeg; https://a0.muscache.com/im/pictures/hosting/Hosting-1378501013545202253/original/bc614d0f-4df9-43ff-b80c-88b40feb798e.jpeg; https://a0.muscache.com/im/pictures/hosting/Hosting-1378501013545202253/original/98dedfb9-55d9-4646-a22e-742a836b82ec.jpeg; https://a0.muscache.com/im/pictures/hosting/Hosting-1378501013545202253/original/7946dc2a-d253-460f-a791-050b0db16e24.jpeg; https://a0.muscache.com/im/pictures/hosting/Hosting-1378501013545202253/original/88c40927-def8-40c6-9a26-28b73e87ff18.jpeg; https://a0.muscache.com/im/pictures/hosting/Hosting-1378501013545202253/original/ef066165-cd8d-4ce2-8286-3351dd357b6f.jpeg,-1.4466068395854352,-48.48380369860912
1510246804708918500,Studio charmoso em Belém,Apartamento ⋅ São Brás,4130.02,0.0,0,2 quartos; 2 camas,https://a0.muscache.com/im/pictures/hosting/Hosting-1510246804708918626/original/069de525-135b-4da1-9d06-da3bf2d1db20.jpeg; https://a0.muscache.com/im/pictures/hosting/Hosting-1510246804708918626/original/9e94a1a8-9d30-454e-a29e-0a72b3c7085d.jpeg; https://a0.muscache.com/im/pictures/hosting/Hosting-1510246804708918626/original/f958b70e-9905-4f83-a48b-279c0767c547.jpeg; https://a0.muscache.com/im/pictures/hosting/Hosting-1510246804708918626/original/6647d322-38cd-4418-a31a-5cd603a11cb6.jpeg; https://a0.muscache.com/im/pictures/hosting/Hosting-1510246804708918626/original/ed366b9b-cac6-4574-bb6d-2b8692e4ac91.jpeg; https://a0.muscache.com/im/pictures/hosting/Hosting-1510246804708918626/original/f7d20cb7-2e12-4565-b95f-b2069f043e28.jpeg,-1.4465,-48.4708
1524640808770390800,Loft Moderno no Mandarim,Apartamento ⋅ Belém,8165.12,0.0,0,2 camas de solteiro,https://a0.muscache.com/im/pictures/hosting/Hosting-1524640808770390892/original/87d214c4-0d8c-4f2d-b1c1-f595ef8b5628.jpeg; https://a0.muscache.com/im/pictures/hosting/Hosting-1524640808770390892/original/c8de405b-1ab4-440f-8812-db6424972297.jpeg; https://a0.muscache.com/im/pictures/hosting/Hosting-1524640808770390892/original/5cb9650c-4634-4880-81e9-82c89a948d06.jpeg; https://a0.muscache.com/im/pictures/hosting/Hosting-1524640808770390892/original/a2a2e9e1-0df4-4499-9017-d8dfd6487e28.jpeg; https://a0.muscache.com/im/pictures/hosting/Hosting-1524640808770390892/original/77ef1837-5dca-450d-9fa0-c90db5b0ec3f.jpeg; https://a0.muscache.com/im/pictures/hosting/Hosting-1524640808770390892/original/a720328c-2406-4463-ae0e-12df381deea0.jpeg,-1.4401,-48.4915
1498652813530127600,Ed. athenas Future - 2/4 - apto 2205,Apartamento ⋅ Pedreira,5087.33,0.0,0,2 quartos; 2 camas,https://a0.muscache.com/im/pictures/hosting/Hosting-1498652813530127625/original/04691ea1-5bc9-4a2f-b432-81f9932781c7.jpeg; https://a0.muscache.com/im/pictures/hosting/Hosting-1498652813530127625/original/b3a62b75-c1fb-402f-9f5b-5a1b562b3018.jpeg; https://a0.muscache.com/im/pictures/hosting/Hosting-1498652813530127625/original/00aac6fe-ca06-400d-ac7b-7836cab9055f.jpeg; https://a0.muscache.com/im/pictures/hosting/Hosting-1498652813530127625/original/36e56cf1-5b22-41a0-b8c0-6e5a9209c5af.jpeg; https://a0.muscache.com/im/pictures/hosting/Hosting-1498652813530127625/original/5ec46ec2-747e-4971-89e3-ae9b66766d9b.jpeg; https://a0.muscache.com/im/pictures/hosting/Hosting-1498652813530127625/original/8767aa39-4b1b-4fab-b8a3-910cda8b5572.jpeg,-1.4355,-48.4774
1489466890851064300,AP em região da COP 30,Apartamento ⋅ Fátima,8039.12,0.0,0,2 quartos; 2 camas,https://a0.muscache.com/im/pictures/hosting/Hosting-1489466890851064429/original/e3024256-6c27-4b55-8389-2d22e01a07f0.jpeg; https://a0.muscache.com/im/pictures/hosting/Hosting-1489466890851064429/original/6b0b309e-9158-4600-a0fb-d7411b52ad5b.jpeg; https://a0.muscache.com/im/pictures/hosting/Hosting-1489466890851064429/original/9f967d23-e0d1-47ca-8e3b-f22e069c9004.jpeg; https://a0.muscache.com/im/pictures/hosting/Hosting-1489466890851064429/original/f37b8402-b00e-4acb-90a6-5567f1b4b73d.jpeg; https://a0.muscache.com/im/pictures/hosting/Hosting-1489466890851064429/original/01534980-fcc8-4df1-8652-49d109778228.jpeg; https://a0.muscache.com/im/pictures/hosting/Hosting-U3RheVN1cHBseUxpc3Rpbmc6MTQ4OTQ2Njg5MDg1MTA2NDQyOQ==/original/c3f3df61-c798-42db-916a-abb64b0cc737.jpeg,-1.4441,-48.4751
1511174166184312800,Aluguel Temporada COP 30,Apartamento ⋅ Pedreira,4564.71,0.0,0,2 quartos; 3 camas,https://a0.muscache.com/im/pictures/hosting/Hosting-1511174166184312809/original/831b43fd-6685-4ed4-aed7-b586813781c5.jpeg; https://a0.muscache.com/im/pictures/hosting/Hosting-1511174166184312809/original/1a34d5e7-a0f6-4b2f-8048-f1311b8a6c48.jpeg; https://a0.muscache.com/im/pictures/hosting/Hosting-1511174166184312809/original/2ef25acc-ef32-4154-8e4a-f1548c9ce7b0.jpeg; https://a0.muscache.com/im/pictures/hosting/Hosting-1511174166184312809/original/62c72c76-e795-468c-aa53-d23b9f1ab652.jpeg; https://a0.muscache.com/im/pictures/hosting/Hosting-1511174166184312809/original/804d6695-6932-4d8a-aeac-c09136f825db.jpeg; https://a0.muscache.com/im/pictures/hosting/Hosting-1511174166184312809/original/9ec8f08a-75dd-4e09-b887-53ad49fe3d59.jpeg,-1.42735,-48.46761
1515986504496273700,Apart. mobiliado COP30 em excelente localização.,Apartamento ⋅ Belém,5648.83,0.0,0,2 quartos; 2 camas,https://a0.muscache.com/im/pictures/hosting/Hosting-1515986504496273659/original/b3703851-b950-44f7-815a-ff53890004c4.jpeg; https://a0.muscache.com/im/pictures/hosting/Hosting-1515986504496273659/original/b823ac4c-4dd4-46e0-b98e-3d71924d755f.jpeg; https://a0.muscache.com/im/pictures/hosting/Hosting-1515986504496273659/original/30350d97-42f1-41dd-ac66-85b9f5012c21.jpeg; https://a0.muscache.com/im/pictures/hosting/Hosting-1515986504496273659/original/0332315b-6c9d-4688-ad63-81c98c5e626a.jpeg; https://a0.muscache.com/im/pictures/hosting/Hosting-1515986504496273659/original/728c510e-3434-45e0-8028-47a39fbb4a45.jpeg; https://a0.muscache.com/im/pictures/hosting/Hosting-1515986504496273659/original/bf0078f6-2734-492a-a60a-f2266c564a03.jpeg,-1.4601,-48.4885
1526329990854107400,AP aconchegante para COP 30 em Belém,Apartamento ⋅ Belém,7531.77,0.0,0,3 quartos; 3 camas,https://a0.muscache.com/im/pictures/hosting/Hosting-1526329990854107327/original/0298068f-d0d4-4818-806e-1fcc2fd68d5a.jpeg; https://a0.muscache.com/im/pictures/hosting/Hosting-1526329990854107327/original/01a6b56c-048c-4594-9d7a-98ed0a315b55.jpeg; https://a0.muscache.com/im/pictures/hosting/Hosting-1526329990854107327/original/74596597-e124-4374-979f-2026efc036c6.jpeg; https://a0.muscache.com/im/pictures/hosting/Hosting-1526329990854107327/original/b889edc6-3baa-4ed5-a0b6-5fcb42932aaa.jpeg; https://a0.muscache.com/im/pictures/hosting/Hosting-1526329990854107327/original/3cbcb82c-777e-4f33-b5ec-50a6f0dea6fa.jpeg; https://a0.muscache.com/im/pictures/hosting/Hosting-1526329990854107327/original/fd7db809-a1d5-4e05-9a93-47a16b5f1f87.jpeg,-1.4396,-48.4825
1420445764781762300,duplex alto padrao para a COP 30,Apartamento ⋅ Nazaré,3994.12,0.0,0,1 quarto; 1 cama,https://a0.muscache.com/im/pictures/hosting/Hosting-1420445764781762311/original/52fc70de-5755-4c79-a266-112831115b0e.jpeg; https://a0.muscache.com/im/pictures/hosting/Hosting-1420445764781762311/original/4c655f3b-5c11-4a4a-9f17-f06894086286.jpeg; https://a0.muscache.com/im/pictures/hosting/Hosting-1420445764781762311/original/29b3ea9f-7311-454e-b6f2-0336beb352fe.jpeg; https://a0.muscache.com/im/pictures/hosting/Hosting-1420445764781762311/original/b21b39cc-b5cb-49a8-903c-6901752a182e.jpeg; https://a0.muscache.com/im/pictures/hosting/Hosting-1420445764781762311/original/617044dd-3126-4332-a8b5-95281fe072d2.jpeg; https://a0.muscache.com/im/pictures/hosting/Hosting-1420445764781762311/original/9ed319c4-7d0f-4132-a00a-46139d38e0ba.jpeg,-1.4477,-48.4848
1529231045354497800,Quarto para COP30 Umarizal Belém,Lugar para ficar em Belém,2559.77,0.0,0,1 quarto; 2 camas,https://a0.muscache.com/im/pictures/hosting/Hosting-U3RheVN1cHBseUxpc3Rpbmc6ODA1NzY5MzI0Mzg3MDg1MzAw/original/4a5f6012-7ebc-47c3-9f9a-e3eca678ea38.jpeg; https://a0.muscache.com/im/pictures/hosting/Hosting-805769324387085300/original/799df2a4-f5fd-4aaf-9928-8a1159291f38.jpeg; https://a0.muscache.com/im/pictures/hosting/Hosting-U3RheVN1cHBseUxpc3Rpbmc6ODA1NzY5MzI0Mzg3MDg1MzAw/original/ecffb890-ff4f-43b9-b913-e72320b52520.jpeg; https://a0.muscache.com/im/pictures/hosting/Hosting-1528243193683926716/original/355c8cd5-ad77-4efa-9284-e62950155cf5.jpeg; https://a0.muscache.com/im/pictures/hosting/Hosting-805769324387085300/original/de3963f3-318d-4386-9975-7404ec9004e7.jpeg; https://a0.muscache.com/im/pictures/hosting/Hosting-U3RheVN1cHBseUxpc3Rpbmc6ODA1NzY5MzI0Mzg3MDg1MzAw/original/da3aabbc-d11b-4133-8a8e-f74e48bc0b39.jpeg,-1.4395,-48.4835
1521711931530945300,Apartamento aconchegante cop 30 proximo do evento,Apartamento ⋅ Belém,3806.26,0.0,0,3 quartos; 6 camas,https://a0.muscache.com/im/pictures/hosting/Hosting-1521711931530945263/original/fdd8a223-3316-49bc-808e-53348fc546f1.jpeg; https://a0.muscache.com/im/pictures/hosting/Hosting-1521711931530945263/original/c1185557-f879-416e-b1d7-c1affd964b57.jpeg; https://a0.muscache.com/im/pictures/hosting/Hosting-1521711931530945263/original/33ff5962-14e3-4df2-9df4-7e8034b15f41.jpeg; https://a0.muscache.com/im/pictures/hosting/Hosting-1521711931530945263/original/f64b0b84-a439-42d0-b957-d4f12b8d20b3.jpeg; https://a0.muscache.com/im/pictures/hosting/Hosting-1521711931530945263/original/90e21a80-3191-4625-a596-65dd13c6973f.jpeg; https://a0.muscache.com/im/pictures/hosting/Hosting-1521711931530945263/original/c137e05e-b099-4bc8-8991-11a974708d16.jpeg,-1.43882,-48.47065
1523930892075366100,COP30 Apartamento Duplex- Estadia Premium em Belém,Apartamento ⋅ Belém,5322.03,0.0,0,1 quarto; 2 camas,https://a0.muscache.com/im/pictures/hosting/Hosting-1523930892075366037/original/bee95dbf-0934-4a91-9c91-35dade767542.jpeg; https://a0.muscache.com/im/pictures/hosting/Hosting-1523930892075366037/original/11fc0214-37ae-4ef5-b733-da918eb6cd6c.jpeg; https://a0.muscache.com/im/pictures/hosting/Hosting-1523930892075366037/original/f8dfe1b6-4f42-474a-8c43-7193423fde3f.jpeg; https://a0.muscache.com/im/pictures/hosting/Hosting-1523930892075366037/original/168c47c2-cf95-465d-ac4c-a92d9cafd375.jpeg; https://a0.muscache.com/im/pictures/hosting/Hosting-1523930892075366037/original/3537c5af-8c9b-49d3-9c61-ddeded5ec054.jpeg; https://a0.muscache.com/im/pictures/hosting/Hosting-1523930892075366037/original/cdd3e00a-a1bd-4804-8491-d66bc3a529b3.jpeg,-1.4470257728847786,-48.4852612674692
1501021030516276700,Apartamento estiloso e confortável para COP 30,Apartamento ⋅ Marco,4108.24,0.0,0,2 quartos; 2 camas,https://a0.muscache.com/im/pictures/hosting/Hosting-1501021030516276812/original/635522a3-7623-4fd4-8d94-de39998876b8.jpeg; https://a0.muscache.com/im/pictures/hosting/Hosting-1501021030516276812/original/8276b3f1-3ae7-4c50-b391-cb90b928c6d0.jpeg; https://a0.muscache.com/im/pictures/hosting/Hosting-1501021030516276812/original/75c84fbe-df3d-4ccf-9b7f-419f757b6aca.jpeg; https://a0.muscache.com/im/pictures/hosting/Hosting-1501021030516276812/original/5cf92180-d184-4272-afcc-adc77a08a5fc.jpeg; https://a0.muscache.com/im/pictures/hosting/Hosting-1501021030516276812/original/715cd01f-48e1-4f04-bd45-ede70ea1b40d.jpeg; https://a0.muscache.com/im/pictures/hosting/Hosting-1501021030516276812/original/554930e2-fa09-4415-b03a-a1601980774d.jpeg,-1.435,-48.4676
1529702778096025300,Apartamento Cond Parc Paradiso - vista para Museu,Apartamento ⋅ Belém,5612.52,0.0,0,3 quartos; 5 camas,https://a0.muscache.com/im/pictures/hosting/Hosting-1529702778096025423/original/13ff8338-d8fa-4bf6-b031-5235230d53fe.jpeg; https://a0.muscache.com/im/pictures/hosting/Hosting-1529702778096025423/original/31ca7ab4-dceb-45b5-b459-8189bcc7e7e0.jpeg; https://a0.muscache.com/im/pictures/hosting/Hosting-1529702778096025423/original/94a11b12-2236-4b2b-960a-3752ab9bc532.jpeg; https://a0.muscache.com/im/pictures/hosting/Hosting-1529702778096025423/original/516b07af-1ed0-4d8e-a0e4-8465b32c53e1.jpeg; https://a0.muscache.com/im/pictures/hosting/Hosting-1529702778096025423/original/1c462b32-1bdb-44e9-a203-5c5b89c1f24e.jpeg; https://a0.muscache.com/im/pictures/hosting/Hosting-1529702778096025423/original/7baec6cd-faaa-4dfd-a157-7b35f1066cca.jpeg,-1.4567,-48.4779
1514553949055901200,Conforto e estilo na nova Doca,Apartamento ⋅ Belém,7702.94,0.0,0,2 quartos; 2 camas de solteiro,https://a0.muscache.com/im/pictures/hosting/Hosting-1514553949055901098/original/71d9a38f-f782-4272-a2d7-32c0a4fb4d05.jpeg; https://a0.muscache.com/im/pictures/hosting/Hosting-1514553949055901098/original/a80310bf-5d02-4a3d-bac4-294f0ab1a480.jpeg; https://a0.muscache.com/im/pictures/hosting/Hosting-1514553949055901098/original/9e1e7725-a5c5-4953-950d-0e19a13e792c.jpeg; https://a0.muscache.com/im/pictures/hosting/Hosting-1514553949055901098/original/b4424852-1a9a-4fab-8fe0-d11b121453cf.jpeg; https://a0.muscache.com/im/pictures/hosting/Hosting-1514553949055901098/original/6f97845d-165a-4ffb-a37a-a2942a7cbc2e.jpeg; https://a0.muscache.com/im/pictures/hosting/Hosting-1514553949055901098/original/73a13a20-c441-41db-8f75-ce6aeeecff9c.jpeg,-1.4420222062906085,-48.49341447287941
1530486222839667200,Loft Athenas Future living para COP 30,Apartamento ⋅ Belém,5564.71,0.0,0,2 quartos; 3 camas,https://a0.muscache.com/im/pictures/hosting/Hosting-1530486222839667074/original/13005beb-76e6-4f06-9336-04dbf8f18b75.jpeg; https://a0.muscache.com/im/pictures/hosting/Hosting-1530486222839667074/original/14ac5c40-b293-4845-a055-101b200c1952.jpeg; https://a0.muscache.com/im/pictures/hosting/Hosting-1530486222839667074/original/d4b324d1-f6c5-4ede-a297-a9801f8a5cfe.jpeg; https://a0.muscache.com/im/pictures/hosting/Hosting-1530486222839667074/original/599dbcf3-82b6-44bf-a6fb-0646745276da.jpeg; https://a0.muscache.com/im/pictures/hosting/Hosting-1530486222839667074/original/9d040982-abd5-4485-b023-18f8f3e4ec92.jpeg; https://a0.muscache.com/im/pictures/hosting/Hosting-1530486222839667074/original/a502b689-b6c0-4768-a3a7-20cdcdfda0a5.jpeg,-1.4355,-48.4774
1524210485473093400,Aluguel Ap para a COP 30,Apartamento ⋅ Belém,3454.65,0.0,0,2 quartos; 1 cama queen,https://a0.muscache.com/im/pictures/hosting/Hosting-1524210485473093495/original/103b725d-7bf2-4ce7-811c-454c31a6f282.jpeg; https://a0.muscache.com/im/pictures/hosting/Hosting-1524210485473093495/original/46db3750-200a-4601-9a84-a801f53a8ab9.jpeg; https://a0.muscache.com/im/pictures/hosting/Hosting-1524210485473093495/original/f75e3beb-a961-46bc-aa1a-549e1f159200.jpeg; https://a0.muscache.com/im/pictures/hosting/Hosting-1524210485473093495/original/9436290f-5d80-4b25-a0e5-525e86ee6300.jpeg; https://a0.muscache.com/im/pictures/hosting/Hosting-1524210485473093495/original/43931c45-4fd9-42f0-a67d-ed9f31556ae1.jpeg; https://a0.muscache.com/im/pictures/hosting/Hosting-1524210485473093495/original/54870bd8-5d1d-4fe1-a07e-a141014999ec.jpeg,-1.4173,-48.4631
1522653525973287700,Resort urbano COP30 Muito perto local evento.,Apartamento ⋅ Belém,10153.31,0.0,0,3 quartos; 6 camas,https://a0.muscache.com/im/pictures/hosting/Hosting-1516614516484409672/original/3c2e74bf-a5dd-4a6d-947a-d99ab27b70f1.jpeg; https://a0.muscache.com/im/pictures/hosting/Hosting-1516614516484409672/original/66b52eec-9d84-4e49-9b5d-474d34c869f0.jpeg; https://a0.muscache.com/im/pictures/hosting/Hosting-1522653525973287565/original/72f4d6bf-3e41-4b5c-9a84-930863e2c879.jpeg; https://a0.muscache.com/im/pictures/hosting/Hosting-1516614516484409672/original/d0cb4d93-18e9-432c-a89e-313f0f9f5392.jpeg; https://a0.muscache.com/im/pictures/hosting/Hosting-1516614516484409672/original/92bc69db-3566-4e44-828e-95ba65a8d374.jpeg; https://a0.muscache.com/im/pictures/hosting/Hosting-1516614516484409672/original/31645b8d-4929-42e7-b79c-f574524369de.jpeg,-1.433967230152211,-48.45538907992196
1523541314401729800,Casa Combú Chalé III,Lugar para ficar em Belém,1369.41,0.0,0,1 cama,https://a0.muscache.com/im/pictures/hosting/Hosting-1523541314401729862/original/7a4b15d1-5f86-4dee-b720-2dd7307ae8e7.jpeg; https://a0.muscache.com/im/pictures/hosting/Hosting-1523541314401729862/original/f050d299-d7e2-4ff4-a93a-dc1ca3130bd0.jpeg; https://a0.muscache.com/im/pictures/hosting/Hosting-1523541314401729862/original/eca28924-dc11-411e-8a5a-43f6408a6416.jpeg; https://a0.muscache.com/im/pictures/hosting/Hosting-1523541314401729862/original/3b213ce2-d147-467a-8be7-f48ffa00735d.jpeg; https://a0.muscache.com/im/pictures/hosting/Hosting-1523541314401729862/original/7f52bf6d-71a1-4ea2-9f7f-f582b11227d1.jpeg; https://a0.muscache.com/im/pictures/hosting/Hosting-1523541314401729862/original/b9c9b18b-d91b-488b-85cb-3af1a4949548.jpeg,-1.493758486859095,-48.48569543540919
1507253502721770000,Ed. Seven Residence - COP 30 - Belém,Apartamento ⋅ Marco,2870.58,0.0,0,2 quartos; 2 camas,https://a0.muscache.com/im/pictures/hosting/Hosting-1507253502721769997/original/42aa5557-c70d-46a8-b65c-32dc722990f2.jpeg; https://a0.muscache.com/im/pictures/hosting/Hosting-1507253502721769997/original/20eda54c-958b-4624-a28c-1b20bcf982e5.jpeg; https://a0.muscache.com/im/pictures/hosting/Hosting-1507253502721769997/original/0611004e-f4bd-48d0-a960-f25f49ffa7c2.jpeg; https://a0.muscache.com/im/pictures/hosting/Hosting-1507253502721769997/original/004fecbe-da9e-4dbd-8a8b-9161e416e092.jpeg; https://a0.muscache.com/im/pictures/hosting/Hosting-1507253502721769997/original/be9dc498-d6e7-4c57-99bd-43f234331773.jpeg; https://a0.muscache.com/im/pictures/hosting/Hosting-1507253502721769997/original/ce374a7c-eade-4060-b95c-806301c86223.jpeg,-1.4353,-48.462
1519511215738955800,Casa Confortável para a COP30,Casa ⋅ Belém,7512.36,0.0,0,3 quartos; 5 camas,https://a0.muscache.com/im/pictures/hosting/Hosting-1519511215738955683/original/614776c0-fce8-4fca-93de-15090893bb89.jpeg; https://a0.muscache.com/im/pictures/hosting/Hosting-1519511215738955683/original/3ab75a43-93f3-42ea-9e81-d6d3ee191224.jpeg; https://a0.muscache.com/im/pictures/hosting/Hosting-1519511215738955683/original/1c78711d-3a54-4ab7-bf02-f13b7aab60da.jpeg; https://a0.muscache.com/im/pictures/hosting/Hosting-1519511215738955683/original/d7d12700-5efb-40c9-ad1c-5b45d19e88f1.jpeg; https://a0.muscache.com/im/pictures/hosting/Hosting-1519511215738955683/original/f1ec6e11-bea2-4aa4-b334-08faa425911c.jpeg; https://a0.muscache.com/im/pictures/hosting/Hosting-1519511215738955683/original/91ce4d06-d803-4661-8bde-65801f546c44.jpeg,-1.4713413566243163,-48.4574735227378
1496679949642642000,Casa Cop 30,Casa ⋅ Velha,6847.06,0.0,0,4 quartos; 7 camas,https://a0.muscache.com/im/pictures/hosting/Hosting-1496679949642642029/original/7725aa58-abb4-4a92-a9bf-753cee71fd81.jpeg; https://a0.muscache.com/im/pictures/hosting/Hosting-1496679949642642029/original/c4fba9c2-9100-44a1-9ae3-df8da4a3a951.jpeg; https://a0.muscache.com/im/pictures/hosting/Hosting-1496679949642642029/original/a1a26c12-d41c-435a-90ef-b18c2bc1f078.jpeg; https://a0.muscache.com/im/pictures/hosting/Hosting-1496679949642642029/original/437cafdd-9415-4bc7-9115-188f726ccdbc.jpeg; https://a0.muscache.com/im/pictures/hosting/Hosting-1496679949642642029/original/0d6aca40-6efb-414d-a393-f6ca35b16159.jpeg; https://a0.muscache.com/im/pictures/hosting/Hosting-1496679949642642029/original/655f312c-6d9e-4382-bdce-315dc267f76a.jpeg,-1.4618,-48.5018
1513270985506113300,"Ap. novo, conforto, moderno, localizado em Nazaré",Apartamento ⋅ Nazaré,6162.36,0.0,0,2 quartos; 3 camas,https://a0.muscache.com/im/pictures/hosting/Hosting-1513270985506113312/original/b1b41144-3c78-4e20-acaf-3d65726787b0.jpeg; https://a0.muscache.com/im/pictures/hosting/Hosting-1513270985506113312/original/5b683a71-6820-4053-9b44-10ac1022711e.jpeg; https://a0.muscache.com/im/pictures/hosting/Hosting-1513270985506113312/original/967e527e-7b59-4832-a3c3-4422ab4cb9b6.jpeg; https://a0.muscache.com/im/pictures/hosting/Hosting-1513270985506113312/original/b45c6c68-5abe-4d6f-9bfb-20e5a7719d35.jpeg; https://a0.muscache.com/im/pictures/hosting/Hosting-1513270985506113312/original/b5d5533e-a56b-4714-b644-98c2a113b86d.jpeg; https://a0.muscache.com/im/pictures/hosting/Hosting-1513270985506113312/original/e8e6cec8-231e-410e-a8cf-0ffc4cc05e3d.jpeg,-1.4503238926454993,-48.4814667865605
1530685239015109600,Estadia de luxo em Belém Rio Mendoza Tower - COP 30.,Apartamento ⋅ Belém,7790.59,0.0,0,3 quartos; 3 camas,https://a0.muscache.com/im/pictures/hosting/Hosting-1530685239015109713/original/aa8ffb5f-0f70-4cf1-aec8-0be08cd6b53f.jpeg; https://a0.muscache.com/im/pictures/hosting/Hosting-1530685239015109713/original/e1b9050c-3bd6-4e79-927f-b53f6fe79aac.jpeg; https://a0.muscache.com/im/pictures/hosting/Hosting-1530685239015109713/original/ab8c6c67-7a91-4707-8584-208dcad8008d.jpeg; https://a0.muscache.com/im/pictures/hosting/Hosting-1530685239015109713/original/c5c9cc1e-d9b5-425a-8db2-b49f15aad61c.jpeg; https://a0.muscache.com/im/pictures/hosting/Hosting-1530685239015109713/original/be0cd3a9-5ff5-49a3-b4a8-a1043031bebd.png,-1.432,-48.4611
687711169937553800,Apartamento Smart Boulevard - Bairro Nobre,Apartamento ⋅ Umarizal,2858.12,4.46,37,2 quartos; 3 camas,https://a0.muscache.com/im/pictures/miso/Hosting-687711169937553839/original/0b157889-f86e-4ff7-a4c4-03aa78a2c22b.jpeg; https://a0.muscache.com/im/pictures/miso/Hosting-687711169937553839/original/90c59dde-5375-4e2f-a8cf-fb8b7f3de0ec.jpeg; https://a0.muscache.com/im/pictures/miso/Hosting-687711169937553839/original/5ac3f65b-0901-4851-8cdd-5ffa584f02ee.jpeg; https://a0.muscache.com/im/pictures/miso/Hosting-687711169937553839/original/92406c07-acd8-4607-88a0-aa8585b4d22f.jpeg; https://a0.muscache.com/im/pictures/miso/Hosting-687711169937553839/original/be8a4481-5cad-497e-96df-0610ed76f7a6.jpeg; https://a0.muscache.com/im/pictures/miso/Hosting-687711169937553839/original/1cee63e7-2483-427b-ad8a-31d8b4432fe8.jpeg,-1.44657,-48.48441
1528153923641202700,Apartamento para COP30 perto do local da convenção,Apartamento ⋅ Belém,3286.59,0.0,0,2 quartos; 3 camas,https://a0.muscache.com/im/pictures/hosting/Hosting-1528153923641202683/original/c0cd8af9-387a-4bfe-b6a3-a511b3f20e8d.jpeg; https://a0.muscache.com/im/pictures/hosting/Hosting-1528153923641202683/original/7a0ccfc8-6aec-43f6-a755-c5dd7d9d1146.jpeg; https://a0.muscache.com/im/pictures/hosting/Hosting-1528153923641202683/original/b314637b-8d53-4178-87b8-1d5a3d62c162.jpeg; https://a0.muscache.com/im/pictures/hosting/Hosting-1528153923641202683/original/ad4e7fad-e4eb-4d32-8fe9-2dda395d0595.jpeg; https://a0.muscache.com/im/pictures/hosting/Hosting-1528153923641202683/original/eafa6a6f-31e8-4fa3-9966-290e44ec6321.jpeg; https://a0.muscache.com/im/pictures/hosting/Hosting-1528153923641202683/original/14d9a999-9690-4720-bf3d-42ad5a0fafb4.jpeg,-1.4242,-48.4649
1527786121722258200,Apartamento premium no Vogue Residence - COP 30,Apartamento ⋅ Belém,2361.19,0.0,0,1 quarto; 1 cama queen,https://a0.muscache.com/im/pictures/hosting/Hosting-1527786121722258119/original/4b8430a4-e556-4047-8c83-2b6962bbc1f6.jpeg; https://a0.muscache.com/im/pictures/hosting/Hosting-1527786121722258119/original/6b3e551d-5086-47b5-a1b9-865bbfa08338.jpeg; https://a0.muscache.com/im/pictures/hosting/Hosting-1527786121722258119/original/7dbd4422-27db-4181-85b8-d787cdd1869a.jpeg; https://a0.muscache.com/im/pictures/hosting/Hosting-1527786121722258119/original/f2db4e07-0d62-4bb9-8f12-6705d9b61ab5.jpeg; https://a0.muscache.com/im/pictures/hosting/Hosting-1527786121722258119/original/6feadad5-d645-4fef-8cc6-3e52c6491758.jpeg; https://a0.muscache.com/im/pictures/hosting/Hosting-1527786121722258119/original/cbfaf4a6-5c07-4d94-8c13-402d30557f80.jpeg,-1.442433870952099,-48.47951714436311
1503692847813101600,Aluguel COP 30 - disponível de 27/10 a 30/11.,Apartamento ⋅ Marambaia,3091.55,0.0,0,3 quartos; 2 camas,https://a0.muscache.com/im/pictures/hosting/Hosting-1503692847813101517/original/7b8649b1-0718-4767-8622-b1cb12fdd5f3.jpeg; https://a0.muscache.com/im/pictures/hosting/Hosting-1503692847813101517/original/21e43a65-22dc-4d6f-9096-f17d1fe2f8cd.jpeg; https://a0.muscache.com/im/pictures/hosting/Hosting-1503692847813101517/original/4544d6b2-0871-426e-8e54-89718f822e85.jpeg; https://a0.muscache.com/im/pictures/hosting/Hosting-1503692847813101517/original/ea65b358-73d4-49e7-b82e-7624cbabedc7.jpeg; https://a0.muscache.com/im/pictures/hosting/Hosting-1503692847813101517/original/45e97161-5e82-4879-9898-04547a3c608c.jpeg; https://a0.muscache.com/im/pictures/hosting/Hosting-1503692847813101517/original/69a4d99c-c492-41a4-a919-1529c134f5f3.jpeg,-1.4041,-48.4497
1359498637364860400,Confortável casa moderna!,Casa ⋅ Val-de-Cães,7988.24,0.0,0,3 quartos; 3 camas,https://a0.muscache.com/im/pictures/hosting/Hosting-1359498637364860498/original/423eefc9-0436-44ed-a851-ab113acfd9e9.jpeg; https://a0.muscache.com/im/pictures/hosting/Hosting-1359498637364860498/original/162e40d8-4bc5-42ea-ac8c-f5dc5656b24a.jpeg; https://a0.muscache.com/im/pictures/hosting/Hosting-1359498637364860498/original/4fc515fd-9f6e-4aa0-b485-ee722feddd51.jpeg; https://a0.muscache.com/im/pictures/hosting/Hosting-1359498637364860498/original/97199613-73e0-407b-a6f9-88cfc079cb91.jpeg; https://a0.muscache.com/im/pictures/hosting/Hosting-1359498637364860498/original/affdc2da-a229-4061-9957-a7cbbc8e5b38.jpeg; https://a0.muscache.com/im/pictures/hosting/Hosting-1359498637364860498/original/761785ca-e252-4f94-a8c8-e80c18508039.jpeg,-1.3958610838001844,-48.47194859594025
1528243193683926800,Apartamento COP30 Umarizal - Belém,Apartamento ⋅ Belém,4451.77,0.0,0,2 quartos; 4 camas,https://a0.muscache.com/im/pictures/hosting/Hosting-U3RheVN1cHBseUxpc3Rpbmc6ODA1NzY5MzI0Mzg3MDg1MzAw/original/4a5f6012-7ebc-47c3-9f9a-e3eca678ea38.jpeg; https://a0.muscache.com/im/pictures/hosting/Hosting-805769324387085300/original/799df2a4-f5fd-4aaf-9928-8a1159291f38.jpeg; https://a0.muscache.com/im/pictures/hosting/Hosting-U3RheVN1cHBseUxpc3Rpbmc6ODA1NzY5MzI0Mzg3MDg1MzAw/original/ecffb890-ff4f-43b9-b913-e72320b52520.jpeg; https://a0.muscache.com/im/pictures/hosting/Hosting-1528243193683926716/original/355c8cd5-ad77-4efa-9284-e62950155cf5.jpeg; https://a0.muscache.com/im/pictures/hosting/Hosting-805769324387085300/original/de3963f3-318d-4386-9975-7404ec9004e7.jpeg; https://a0.muscache.com/im/pictures/hosting/Hosting-U3RheVN1cHBseUxpc3Rpbmc6ODA1NzY5MzI0Mzg3MDg1MzAw/original/da3aabbc-d11b-4133-8a8e-f74e48bc0b39.jpeg,-1.43805,-48.48424
1456079031270489600,apartamento no centro de Belém (pronto para COP30),Apartamento ⋅ Belém,3944.71,0.0,0,3 quartos; 4 camas,https://a0.muscache.com/im/pictures/hosting/Hosting-1456079031270489693/original/8a036bc4-cb81-4bce-82fe-53f7fd7e9df2.jpeg; https://a0.muscache.com/im/pictures/hosting/Hosting-1456079031270489693/original/9a41a6b0-4250-4d73-a2ab-e88ec4d14a2c.jpeg; https://a0.muscache.com/im/pictures/hosting/Hosting-1456079031270489693/original/5c7abf88-eec9-45d9-bd00-9d40c0cf713d.jpeg; https://a0.muscache.com/im/pictures/hosting/Hosting-1456079031270489693/original/7261825c-d69e-4743-adac-f223d3996f33.jpeg; https://a0.muscache.com/im/pictures/hosting/Hosting-1456079031270489693/original/8bc0d0e4-fb83-4655-a2e1-2af6c9fbff15.jpeg; https://a0.muscache.com/im/pictures/hosting/Hosting-1456079031270489693/original/91b9dc73-cb4e-4149-b82a-3f7acf9869a8.jpeg,-1.4569,-48.4778
1495881579036592400,Apartamento 03 Quartos Mobiliado COP30,Apartamento ⋅ Batista Campos,2835.3,0.0,0,3 quartos; 3 camas,https://a0.muscache.com/im/pictures/hosting/Hosting-1495881579036592501/original/e6644d95-dde3-41fe-966e-c3afce7b8496.jpeg; https://a0.muscache.com/im/pictures/hosting/Hosting-1495881579036592501/original/70749d3d-4528-4034-9561-285641ee66c7.jpeg; https://a0.muscache.com/im/pictures/hosting/Hosting-1495881579036592501/original/851f95d3-5488-43c4-a40c-b4f4332bc126.jpeg; https://a0.muscache.com/im/pictures/hosting/Hosting-1495881579036592501/original/0421ed54-0c0e-48e2-91bb-ad5fd19dd059.jpeg; https://a0.muscache.com/im/pictures/hosting/Hosting-1495881579036592501/original/24898938-c220-4f46-ab29-69ac97dc9e7f.jpeg; https://a0.muscache.com/im/pictures/hosting/Hosting-1495881579036592501/original/391d204c-866a-493f-9d17-0a4e4a728bb1.jpeg,-1.4631,-48.4858
1524140536591629600,Apartamento de Alto Padrão no Umarizal,Apartamento ⋅ Belém,6847.06,0.0,0,3 quartos; 3 camas,https://a0.muscache.com/im/pictures/hosting/Hosting-1524140536591629573/original/85c55dfd-c009-4aa9-9edd-36007f4b2006.jpeg; https://a0.muscache.com/im/pictures/hosting/Hosting-1524140536591629573/original/288cc28e-4aca-491b-9775-6fc6a448a659.jpeg; https://a0.muscache.com/im/pictures/hosting/Hosting-1524140536591629573/original/f9acdcc3-0f6a-47d7-8d47-d63c4fabf4a0.jpeg; https://a0.muscache.com/im/pictures/hosting/Hosting-1524140536591629573/original/bf98a315-0530-4375-a2cb-7960ba0cb39a.jpeg; https://a0.muscache.com/im/pictures/hosting/Hosting-1524140536591629573/original/75985466-caa7-47fe-b740-d5a2da97a6b6.jpeg; https://a0.muscache.com/im/pictures/hosting/Hosting-1524140536591629573/original/7aebb8ec-9914-4175-b735-0bba7b76aa5e.jpeg,-1.4449,-48.4844
1501845591966353700,COP30 Apt. novo no Umarizal em Belém do Pará,Apartamento ⋅ Campina,5103.53,0.0,0,2 quartos; 2 camas,https://a0.muscache.com/im/pictures/hosting/Hosting-1501845591966353574/original/190646a5-56ed-485a-ac65-a02f536536ba.jpeg; https://a0.muscache.com/im/pictures/hosting/Hosting-1501845591966353574/original/187e8ddc-e1fe-4bb9-b4a1-8134c5a1f54e.jpeg; https://a0.muscache.com/im/pictures/hosting/Hosting-1501845591966353574/original/320c5020-a4c3-4999-9724-3183da8b778b.jpeg; https://a0.muscache.com/im/pictures/hosting/Hosting-1501845591966353574/original/d2ebccf7-43aa-4a94-9b05-e1c533f91b31.jpeg; https://a0.muscache.com/im/pictures/hosting/Hosting-1501845591966353574/original/f0f6b2cf-4f95-40f4-9e63-c5a07c844291.jpeg; https://a0.muscache.com/im/pictures/hosting/Hosting-1501845591966353574/original/8d8506d0-3b0d-4def-b4a8-314b726f1426.jpeg,-1.4419467724201225,-48.48711936630884
1530486498182219300,Quarto c/ piscina e área externa privativa,Lugar para ficar em Belém,796.11,0.0,0,1 quarto; 2 camas,https://a0.muscache.com/im/pictures/miso/Hosting-1402500655822154345/original/5d313ef7-4ebd-4aa8-80d9-733d49a04119.jpeg; https://a0.muscache.com/im/pictures/miso/Hosting-1402500655822154345/original/ed457b2e-d00e-4221-99c8-55306074b6ba.jpeg; https://a0.muscache.com/im/pictures/miso/Hosting-1402500655822154345/original/a2063433-907f-4cbd-8223-582ca228ed17.jpeg; https://a0.muscache.com/im/pictures/miso/Hosting-1402500655822154345/original/a9db8bcb-25e2-4b3b-a38c-f2c58dfabb1c.jpeg; https://a0.muscache.com/im/pictures/miso/Hosting-1402500655822154345/original/729c7668-00d7-4d81-b8c2-1515f256c2e0.jpeg; https://a0.muscache.com/im/pictures/miso/Hosting-1402500655822154345/original/34335dc4-5e05-414c-ac54-791202d7fd7e.jpeg,-1.4688173520805727,-48.45801763289965
37738956,Viva uma experiência inesquecível em Belém do Pará,Apartamento ⋅ Umarizal,5687.19,4.88,278,2 quartos; 3 camas,https://a0.muscache.com/im/pictures/76d90b8d-698e-4f78-8e22-df0b50b50408.jpg; https://a0.muscache.com/im/pictures/0a1b5778-2ae5-48ff-a1a7-9b283b554927.jpg; https://a0.muscache.com/im/pictures/c099960a-9d32-451b-a986-087a696b6b4d.jpg; https://a0.muscache.com/im/pictures/dcd07267-195d-46e0-9617-41f7155c97d7.jpg; https://a0.muscache.com/im/pictures/c666168e-5327-45ef-ad3e-237481527e5d.jpg; https://a0.muscache.com/im/pictures/4eb46caf-a143-457b-9af6-a2265b3efc49.jpg,-1.44638,-48.4864
1515495264376769500,Conforto Cop30 próx Aeroporto e Grão Para.,Apartamento ⋅ Belém,3231.21,0.0,0,2 quartos; 2 camas,https://a0.muscache.com/im/pictures/hosting/Hosting-1515495264376769586/original/40eb038b-78ee-4501-96db-5be5e220d8e7.jpeg; https://a0.muscache.com/im/pictures/hosting/Hosting-1515495264376769586/original/cb1324f1-2587-41ad-a217-010625f0e85b.jpeg; https://a0.muscache.com/im/pictures/hosting/Hosting-1515495264376769586/original/41343fdb-5a95-42e2-ac53-9f753d19c9aa.jpeg; https://a0.muscache.com/im/pictures/hosting/Hosting-1515495264376769586/original/7b637240-1710-4124-9bb2-d5b996532c32.jpeg; https://a0.muscache.com/im/pictures/hosting/Hosting-1515495264376769586/original/67caee14-1d06-4383-8311-9f6d22f37321.jpeg; https://a0.muscache.com/im/pictures/hosting/Hosting-1515495264376769586/original/f71f699b-d4d6-4ec7-8066-5b6202c96e95.jpeg,-1.3915,-48.4691
1521955549956222000,Apartamento na Av Nazare próximo à Basílica,Apartamento ⋅ Belém,9016.47,0.0,0,3 quartos; 6 camas,https://a0.muscache.com/im/pictures/hosting/Hosting-1521955549956222013/original/f44dc2ba-b68f-4d1e-8390-15a63d221200.jpeg; https://a0.muscache.com/im/pictures/hosting/Hosting-1521955549956222013/original/6663fa57-d7f3-41ad-88d1-df2dc74a77a3.jpeg; https://a0.muscache.com/im/pictures/hosting/Hosting-1521955549956222013/original/9871a6ba-1060-4537-a5e3-d17a216cc4fa.jpeg; https://a0.muscache.com/im/pictures/hosting/Hosting-1521955549956222013/original/a8039c20-9d09-4696-b661-24ea7815e350.jpeg; https://a0.muscache.com/im/pictures/hosting/Hosting-1521955549956222013/original/3c131b48-d732-487a-bea2-ed700c9f03b4.jpeg; https://a0.muscache.com/im/pictures/hosting/Hosting-1521955549956222013/original/47c17a1a-ba42-4de0-89f9-54fa3b3d6263.jpeg,-1.45103,-48.48275
1334118674095619300,AP completo p. 3 pessoas! COP 30,Apartamento ⋅ Marco,6162.36,0.0,0,1 quarto; 1 cama,https://a0.muscache.com/im/pictures/hosting/Hosting-1334118674095619381/original/670659a3-d9ce-4b5f-b5b9-65b89c53196f.jpeg; https://a0.muscache.com/im/pictures/hosting/Hosting-1334118674095619381/original/ddbd5a53-b16f-42f0-8ef3-e7bc1f9541de.jpeg; https://a0.muscache.com/im/pictures/hosting/Hosting-1334118674095619381/original/8563181a-7ecc-4706-8773-5eb480b9e371.jpeg; https://a0.muscache.com/im/pictures/hosting/Hosting-1334118674095619381/original/cbf6a22d-ac6a-451b-aef0-c1ff44b66771.jpeg; https://a0.muscache.com/im/pictures/hosting/Hosting-1334118674095619381/original/b400351a-d93c-4b1c-ac3a-a0bc6726f476.jpeg; https://a0.muscache.com/im/pictures/hosting/Hosting-1334118674095619381/original/7e750b42-cf86-4145-be65-29eab078e691.jpeg,-1.4345,-48.4513
1477507458800934700,Apartamento Residencial em Belém para a Cop30,Apartamento ⋅ Bengui,1502.47,0.0,0,2 quartos; 5 camas,https://a0.muscache.com/im/pictures/hosting/Hosting-1477507458800934669/original/8f855a18-8bc4-4b58-9aa4-59ee267b6246.jpeg; https://a0.muscache.com/im/pictures/hosting/Hosting-1477507458800934669/original/dbbf4079-9a95-41fa-ace2-b43715082700.png; https://a0.muscache.com/im/pictures/hosting/Hosting-1477507458800934669/original/08606610-3f13-4dbc-ad8d-c154bbcf5ab9.jpeg; https://a0.muscache.com/im/pictures/hosting/Hosting-1477507458800934669/original/66f345d8-183f-4ebc-ae5b-4c3ba831458b.jpeg; https://a0.muscache.com/im/pictures/hosting/Hosting-1477507458800934669/original/a1525176-e514-4cc5-a90a-d10cd46dd3c1.jpeg; https://a0.muscache.com/im/pictures/hosting/Hosting-1477507458800934669/original/fc2e622b-cbf6-4ebd-a1eb-6ba6babdc732.jpeg,-1.3744,-48.4619
1482091398070676000,"Apt de luxo, alto padrão Cop30.",Apartamento ⋅ Nazaré,10239.06,0.0,0,3 quartos; 3 camas,https://a0.muscache.com/im/pictures/hosting/Hosting-1482091398070675998/original/e239188e-63e9-4a73-a7e9-12144d7495f1.jpeg; https://a0.muscache.com/im/pictures/hosting/Hosting-1482091398070675998/original/233a4e3a-229d-486d-813e-2f89ccdb582f.jpeg; https://a0.muscache.com/im/pictures/hosting/Hosting-1482091398070675998/original/146ce22d-84ed-48c8-9dbf-2f05ed946e50.jpeg; https://a0.muscache.com/im/pictures/hosting/Hosting-1482091398070675998/original/47b424b0-5c5d-49e4-b2ef-bbf7519f50c8.jpeg; https://a0.muscache.com/im/pictures/hosting/Hosting-1482091398070675998/original/8274a4df-5c3d-4624-8a4e-3c0a0acdc26b.jpeg; https://a0.muscache.com/im/pictures/hosting/Hosting-1482091398070675998/original/1d5370db-90c8-4480-9343-00615b488185.jpeg,-1.4492,-48.4857
1497869383643648500,LOFT BELÉM com 1 quarto- COP 30,Apartamento ⋅ São Brás,3800.12,0.0,0,1 quarto; 1 cama,https://a0.muscache.com/im/pictures/hosting/Hosting-1497869383643648508/original/ed5fbcba-9504-4c68-8f99-2b8b83b7b463.jpeg; https://a0.muscache.com/im/pictures/hosting/Hosting-1497869383643648508/original/e4cb996c-6ef1-464c-b01b-40577d2e8e2e.jpeg; https://a0.muscache.com/im/pictures/hosting/Hosting-1497869383643648508/original/8388e9dd-a654-4351-913c-087922f1531f.jpeg; https://a0.muscache.com/im/pictures/hosting/Hosting-1497869383643648508/original/089272ba-b005-4a50-8710-6cdc51fa3b74.jpeg; https://a0.muscache.com/im/pictures/hosting/Hosting-1497869383643648508/original/d3f5e587-d603-43e9-9be2-70c45c005a3c.jpeg; https://a0.muscache.com/im/pictures/hosting/Hosting-1497869383643648508/original/9c328c5a-56f3-4abf-ae75-b797578a6c4e.jpeg,-1.44722,-48.46993
1499997690699459300,"Apartamento Espaçoso, acolhedor e confortável.",Apartamento ⋅ Nazaré,5724.35,0.0,0,3 quartos; 5 camas,https://a0.muscache.com/im/pictures/hosting/Hosting-1499997690699459387/original/516f0a1a-736c-40e6-8935-254643445b00.jpeg; https://a0.muscache.com/im/pictures/hosting/Hosting-1499997690699459387/original/ca2c7584-4bfb-40ae-b9ee-d9f670f0e774.jpeg; https://a0.muscache.com/im/pictures/hosting/Hosting-1499997690699459387/original/14400948-9165-4186-ba70-ca864a68a0b3.jpeg; https://a0.muscache.com/im/pictures/hosting/Hosting-1499997690699459387/original/ff750d83-916c-41f5-9106-6fe996e16f2c.jpeg; https://a0.muscache.com/im/pictures/hosting/Hosting-1499997690699459387/original/c215846b-258b-40f3-a9b5-a2efe6d9865e.jpeg; https://a0.muscache.com/im/pictures/hosting/Hosting-1499997690699459387/original/5d82f0a1-9cdb-4ee1-9723-0fe19394c73f.jpeg,-1.447,-48.4785
1529021905413933800,Apto três suítes - Cop 30,Apartamento ⋅ Belém,6909.31,0.0,0,3 quartos; 3 camas,https://a0.muscache.com/im/pictures/hosting/Hosting-1529021905413933731/original/8913849f-9490-4308-90ac-37b4ea1310fa.jpeg; https://a0.muscache.com/im/pictures/hosting/Hosting-1529021905413933731/original/592b799e-691c-467a-b25d-4ce7651eb7f0.jpeg; https://a0.muscache.com/im/pictures/hosting/Hosting-1529021905413933731/original/55df5196-c584-444e-8482-93872661d531.jpeg; https://a0.muscache.com/im/pictures/hosting/Hosting-1529021905413933731/original/7757bfbd-4aed-44cb-8d9f-dc0eb491ff06.jpeg; https://a0.muscache.com/im/pictures/hosting/Hosting-1529021905413933731/original/2648b055-38ab-47ce-919b-0d3d9559c2d6.jpeg; https://a0.muscache.com/im/pictures/hosting/Hosting-1529021905413933731/original/8857dfd3-580b-4305-bcc0-a4bd9e864d37.jpeg,-1.4663161392773552,-48.49308345182437
1530292794029878000,Quarto Familiar COP30 c/Banheiro Privativo 2,Casa de hóspedes ⋅ Belém,1858.98,0.0,0,1 quarto; 2 camas,https://a0.muscache.com/im/pictures/hosting/Hosting-1530292794029878045/original/b7efd608-d51a-4231-9f50-0a1d27362a4a.jpeg; https://a0.muscache.com/im/pictures/hosting/Hosting-1530292794029878045/original/589dbbc9-26c0-4354-a749-58e2068530d0.jpeg; https://a0.muscache.com/im/pictures/hosting/Hosting-1530292794029878045/original/da5b69fc-5d47-43bf-8bcf-5d30af7cf9ee.jpeg; https://a0.muscache.com/im/pictures/hosting/Hosting-1530292794029878045/original/e7d5de6c-eaeb-4a24-b624-9ef5b5111ea2.jpeg; https://a0.muscache.com/im/pictures/hosting/Hosting-1530292794029878045/original/8d6b555e-b50c-407d-823c-4c09693f3c06.jpeg,-1.4011,-48.4557
1503924019875144200,Apto Inteiro e Condomínio Completo. Aproveite!,Apartamento ⋅ Umarizal,5749.87,0.0,0,3 quartos; 4 camas,https://a0.muscache.com/im/pictures/hosting/Hosting-1503924019875144272/original/246ef1de-1d7e-4874-a132-4e696ab52e6f.jpeg; https://a0.muscache.com/im/pictures/hosting/Hosting-1503924019875144272/original/4da19039-26b3-4617-8393-1d654e07a30e.jpeg; https://a0.muscache.com/im/pictures/hosting/Hosting-1503924019875144272/original/d0f9ce4c-3b1e-49f6-8b0f-9020da43c7bb.jpeg; https://a0.muscache.com/im/pictures/hosting/Hosting-1503924019875144272/original/bd1e46e2-5823-4563-9dc2-b1267eb31e5e.jpeg; https://a0.muscache.com/im/pictures/hosting/Hosting-1503924019875144272/original/c46d7bda-1c8f-4233-bf11-6af71089aee8.jpeg; https://a0.muscache.com/im/pictures/hosting/Hosting-1503924019875144272/original/8192dc67-0450-4dc2-918a-d39edb43735b.jpeg,-1.4392,-48.4896
1524210485473093400,Aluguel Ap para a COP 30,Apartamento ⋅ Belém,3454.65,0.0,0,2 quartos; 1 cama queen,https://a0.muscache.com/im/pictures/hosting/Hosting-1524210485473093495/original/103b725d-7bf2-4ce7-811c-454c31a6f282.jpeg; https://a0.muscache.com/im/pictures/hosting/Hosting-1524210485473093495/original/46db3750-200a-4601-9a84-a801f53a8ab9.jpeg; https://a0.muscache.com/im/pictures/hosting/Hosting-1524210485473093495/original/f75e3beb-a961-46bc-aa1a-549e1f159200.jpeg; https://a0.muscache.com/im/pictures/hosting/Hosting-1524210485473093495/original/9436290f-5d80-4b25-a0e5-525e86ee6300.jpeg; https://a0.muscache.com/im/pictures/hosting/Hosting-1524210485473093495/original/43931c45-4fd9-42f0-a67d-ed9f31556ae1.jpeg; https://a0.muscache.com/im/pictures/hosting/Hosting-1524210485473093495/original/54870bd8-5d1d-4fe1-a07e-a141014999ec.jpeg,-1.4173,-48.4631
1513925783189930000,Aluguel - Cop 30!,Apartamento ⋅ Marco,8216.47,0.0,0,3 quartos; 2 camas,https://a0.muscache.com/im/pictures/hosting/Hosting-1513925783189929999/original/1e1999c8-917d-4faf-9713-2598bbbb6128.jpeg; https://a0.muscache.com/im/pictures/hosting/Hosting-1513925783189929999/original/640644a9-4cae-4c42-805b-5b493a666a21.jpeg; https://a0.muscache.com/im/pictures/hosting/Hosting-1513925783189929999/original/f5d19b03-d23f-44fb-8f04-d2b36c7ee525.jpeg; https://a0.muscache.com/im/pictures/hosting/Hosting-1513925783189929999/original/e0ff941f-5d54-4ae1-8cdf-e774b0e8e220.jpeg; https://a0.muscache.com/im/pictures/hosting/Hosting-1513925783189929999/original/5f3f4347-48d5-4951-b966-61c975b93cf2.jpeg; https://a0.muscache.com/im/pictures/hosting/Hosting-1513925783189929999/original/0271ce77-df40-42a6-bda6-d9a465948692.jpeg,-1.4332,-48.4599
1357956091959771000,Apartamento em Belém aluguel cop30 Batista Campos,Apartamento ⋅ Batista Campos,5339.85,0.0,0,2 quartos; 3 camas,https://a0.muscache.com/im/pictures/hosting/Hosting-1357956091959770811/original/4f94292e-1379-4763-99db-8dc8d601882b.jpeg; https://a0.muscache.com/im/pictures/hosting/Hosting-1357956091959770811/original/0e377721-22e5-44bb-88ed-b074c90ddb0d.jpeg; https://a0.muscache.com/im/pictures/hosting/Hosting-1357956091959770811/original/b079b363-30e1-4918-b869-0de549eaad22.png; https://a0.muscache.com/im/pictures/hosting/Hosting-1357956091959770811/original/98b76f59-0e48-4832-a2ae-c78fee3fd8a9.jpeg; https://a0.muscache.com/im/pictures/hosting/Hosting-1357956091959770811/original/ea452da5-f574-4920-8141-f024483ed275.jpeg; https://a0.muscache.com/im/pictures/hosting/Hosting-1357956091959770811/original/c6ded722-1c46-4256-a7d5-7e25e60e9616.jpeg,-1.4629,-48.4902
1442157361034298400,Apartamento em área nobre de Belém,Apartamento ⋅ Umarizal,2622.84,0.0,0,2 quartos; 4 camas,https://a0.muscache.com/im/pictures/hosting/Hosting-1442157361034298304/original/76a8215a-9bc7-4a37-9a4a-c02850f34253.jpeg; https://a0.muscache.com/im/pictures/hosting/Hosting-1442157361034298304/original/3d3b717f-a9b4-4596-993d-d8f4addae018.jpeg; https://a0.muscache.com/im/pictures/hosting/Hosting-1442157361034298304/original/55780105-5196-43ee-acce-c4d843a08b00.jpeg; https://a0.muscache.com/im/pictures/hosting/Hosting-1442157361034298304/original/7e4dacdc-f1ea-4130-85cc-3309c616fdb9.jpeg; https://a0.muscache.com/im/pictures/hosting/Hosting-1442157361034298304/original/cad12fa7-e529-4d9e-893c-6058433f1d29.jpeg; https://a0.muscache.com/im/pictures/hosting/Hosting-1442157361034298304/original/e03d3f69-3c79-497c-9e26-e3e39b019869.jpeg,-1.44514,-48.48368
1516750375232293000,Apartamento aconchegante para locação na COP30,Apartamento ⋅ Belém,3832.0,0.0,0,3 quartos; 4 camas,https://a0.muscache.com/im/pictures/hosting/Hosting-1516750375232293099/original/bdef2122-be3f-4dde-a854-f46e03873c15.jpeg; https://a0.muscache.com/im/pictures/hosting/Hosting-1516750375232293099/original/283d3061-f858-44f2-b6f1-9982f92b59ca.jpeg; https://a0.muscache.com/im/pictures/hosting/Hosting-1516750375232293099/original/d91f0047-359d-419c-bdaa-bc7a3ce1f658.jpeg; https://a0.muscache.com/im/pictures/hosting/Hosting-1516750375232293099/original/ebafd6a9-4e7d-4ba6-a336-9d17e0dfb62c.jpeg; https://a0.muscache.com/im/pictures/hosting/Hosting-1516750375232293099/original/b367da68-0822-4b81-aa30-423457f650ef.jpeg; https://a0.muscache.com/im/pictures/hosting/Hosting-1516750375232293099/original/d6474ab5-80dc-43a2-b82d-e7748b0f5e58.jpeg,-1.443022518668545,-48.489477977960085
1475641515771201800,Hospede-se com Estilo.,Casa ⋅ Pedreira,8013.18,0.0,0,3 quartos; 2 camas,https://a0.muscache.com/im/pictures/hosting/Hosting-U3RheVN1cHBseUxpc3Rpbmc6MTQ3NTY0MTUxNTc3MTIwMTkwNg==/original/94d944e8-664c-423a-91ba-52077bd52126.jpeg; https://a0.muscache.com/im/pictures/hosting/Hosting-1475641515771201906/original/b6250ecd-90e4-4622-888d-b4594048dfe0.jpeg; https://a0.muscache.com/im/pictures/hosting/Hosting-U3RheVN1cHBseUxpc3Rpbmc6MTQ3NTY0MTUxNTc3MTIwMTkwNg==/original/3dc13c35-5082-489a-af14-d8797ddc103f.jpeg; https://a0.muscache.com/im/pictures/hosting/Hosting-U3RheVN1cHBseUxpc3Rpbmc6MTQ3NTY0MTUxNTc3MTIwMTkwNg==/original/1d18324d-6384-4f5d-ad8f-b5628fb1b2a1.jpeg; https://a0.muscache.com/im/pictures/hosting/Hosting-U3RheVN1cHBseUxpc3Rpbmc6MTQ3NTY0MTUxNTc3MTIwMTkwNg==/original/505ceb83-2ede-463a-b658-4fd2459dc545.jpeg; https://a0.muscache.com/im/pictures/hosting/Hosting-1475641515771201906/original/5da193fc-f18c-4beb-9151-f76c3423ff0a.jpeg,-1.4376,-48.47428
1353603167982387500,Suíte em casa aconchegante - SUÍTE 01,Lugar para ficar em Val-de-Cães,2409.54,0.0,0,1 quarto; 1 cama queen,https://a0.muscache.com/im/pictures/hosting/Hosting-1353603167982387408/original/73512ea6-8338-4c2f-a1da-2bd962ce9eef.jpeg; https://a0.muscache.com/im/pictures/miso/Hosting-1353603167982387408/original/ad2d7756-e973-4686-b931-6dd9636a8bfe.jpeg; https://a0.muscache.com/im/pictures/hosting/Hosting-1353603167982387408/original/94045b98-889e-4e51-8768-b027307fc14e.jpeg; https://a0.muscache.com/im/pictures/hosting/Hosting-1353603167982387408/original/4157d8b9-2fa7-45d5-bdad-4dbb448c269c.jpeg; https://a0.muscache.com/im/pictures/hosting/Hosting-1353603167982387408/original/60d8436e-ecc5-4b4a-aad7-3341e537cf35.jpeg; https://a0.muscache.com/im/pictures/hosting/Hosting-1353603167982387408/original/aecfaaa5-0dca-47ea-9cec-e2a384202cf1.jpeg,-1.3963,-48.4672
1527636286935764200,Apartamento luxuoso no centro da cidade,Apartamento ⋅ Belém,5913.99,0.0,0,4 quartos; 6 camas,https://a0.muscache.com/im/pictures/hosting/Hosting-1527636286935764117/original/5d61ec8f-3e49-4472-bd99-046dd5aafffc.jpeg; https://a0.muscache.com/im/pictures/hosting/Hosting-1527636286935764117/original/16fbfb79-e3fb-44a9-85c7-1477a6674da1.jpeg; https://a0.muscache.com/im/pictures/hosting/Hosting-1527636286935764117/original/a7ba9c2d-e89b-4c7c-adaf-654d362447e1.jpeg; https://a0.muscache.com/im/pictures/hosting/Hosting-1527636286935764117/original/14d2f1c3-e519-4d39-a313-2c67f13bc8e9.jpeg; https://a0.muscache.com/im/pictures/hosting/Hosting-1527636286935764117/original/c922e327-0386-42a3-9e4a-09175ab6899f.jpeg; https://a0.muscache.com/im/pictures/hosting/Hosting-1527636286935764117/original/ca7b5678-76b4-4fdf-94f2-7cf3b6ff2622.jpeg,-1.43808,-48.48763
1523282268190510800,Apto incrível para a COP 30!,Apartamento ⋅ Belém,2510.59,0.0,0,2 quartos; 2 camas,https://a0.muscache.com/im/pictures/hosting/Hosting-1523282268190510752/original/e6fcda72-f8a3-4896-8ff1-1f84555ea096.png; https://a0.muscache.com/im/pictures/hosting/Hosting-1523282268190510752/original/1bca2347-07f7-4781-a28e-287d91249861.png; https://a0.muscache.com/im/pictures/hosting/Hosting-1523282268190510752/original/ce6752cb-d69b-42fb-b24a-cfb2a9c7bbb7.jpeg; https://a0.muscache.com/im/pictures/hosting/Hosting-1523282268190510752/original/db53f699-8bec-402c-943d-26a9ccf79f87.jpeg; https://a0.muscache.com/im/pictures/hosting/Hosting-1523282268190510752/original/763c23ee-751a-40fc-b825-7a816f54386f.jpeg; https://a0.muscache.com/im/pictures/hosting/Hosting-1523282268190510752/original/1b9da60d-071d-4d6b-96fa-baefa7099296.png,-1.4056,-48.4479
1526303349340998000,Apartamento para COP 30,Apartamento ⋅ Belém,5204.6,0.0,0,2 quartos; 3 camas,https://a0.muscache.com/im/pictures/hosting/Hosting-1526303349340997895/original/de0f0611-0fff-4463-a0f2-90473cf1acef.jpeg; https://a0.muscache.com/im/pictures/hosting/Hosting-1526303349340997895/original/2622dc19-787f-4fb9-bf04-12bbe2a5409c.jpeg; https://a0.muscache.com/im/pictures/hosting/Hosting-1526303349340997895/original/f8eabcbe-d515-46d5-8423-aaba6e3267ac.jpeg; https://a0.muscache.com/im/pictures/hosting/Hosting-1526303349340997895/original/ea71e41b-2801-4a73-876f-bbc67910f8a5.jpeg; https://a0.muscache.com/im/pictures/hosting/Hosting-1526303349340997895/original/7fd2aa60-b79e-457e-978e-bd032f65ef5b.jpeg; https://a0.muscache.com/im/pictures/hosting/Hosting-1526303349340997895/original/f7114c52-1cf2-49a3-b741-ec91f9f55d4f.jpeg,-1.4498630449139918,-48.481466605751216
1500712371181194000,Belém COP 30,Apartamento ⋅ Batista Campos,5659.4,0.0,0,3 quartos; 3 camas,https://a0.muscache.com/im/pictures/hosting/Hosting-1500712371181194066/original/ad0f6431-b422-44fc-ab80-bd39f631d108.jpeg; https://a0.muscache.com/im/pictures/hosting/Hosting-1500712371181194066/original/f81931ff-557a-4a02-a6dd-e101594f25e2.jpeg; https://a0.muscache.com/im/pictures/hosting/Hosting-1500712371181194066/original/6a391195-0d0d-4182-9d25-651cfed682ee.jpeg; https://a0.muscache.com/im/pictures/hosting/Hosting-1500712371181194066/original/56924fc5-b114-4c90-bbf8-36b1dfee0ee4.jpeg; https://a0.muscache.com/im/pictures/hosting/Hosting-1500712371181194066/original/5c83697b-c554-4656-97ad-488b735d55ec.jpeg; https://a0.muscache.com/im/pictures/hosting/Hosting-1500712371181194066/original/03d14be6-a600-44ad-8a76-4f8d0d555a72.jpeg,-1.4571,-48.4848
1412530106463581200,Lindo apt para cop 30,Apartamento ⋅ Umarizal,10016.47,0.0,0,2 quartos; 2 camas,https://a0.muscache.com/im/pictures/hosting/Hosting-1412530106463581203/original/7f4103a6-701c-433c-81a0-63147ce08abf.jpeg; https://a0.muscache.com/im/pictures/hosting/Hosting-1412530106463581203/original/877e27ff-a557-484c-abbf-d1f57a87a588.jpeg; https://a0.muscache.com/im/pictures/hosting/Hosting-1412530106463581203/original/6f87ad52-2bc7-4070-8f25-df0768431299.jpeg; https://a0.muscache.com/im/pictures/hosting/Hosting-1412530106463581203/original/40c27c3b-5a35-41d2-b87d-5569a21c5223.jpeg; https://a0.muscache.com/im/pictures/hosting/Hosting-1412530106463581203/original/37195963-8637-497b-a194-97e5ae18b8cc.jpeg; https://a0.muscache.com/im/pictures/hosting/Hosting-1412530106463581203/original/a32a0610-5f9b-4df9-a2f3-4611cae3a749.jpeg,-1.4401,-48.4915
1516688024651175200,Studio completo na Doca,Apartamento ⋅ Belém,3380.05,0.0,0,1 cama,https://a0.muscache.com/im/pictures/hosting/Hosting-1378501013545202253/original/a4bf0263-9c72-43d7-8d83-ec06c765821e.jpeg; https://a0.muscache.com/im/pictures/hosting/Hosting-1378501013545202253/original/bc614d0f-4df9-43ff-b80c-88b40feb798e.jpeg; https://a0.muscache.com/im/pictures/hosting/Hosting-1378501013545202253/original/98dedfb9-55d9-4646-a22e-742a836b82ec.jpeg; https://a0.muscache.com/im/pictures/hosting/Hosting-1378501013545202253/original/7946dc2a-d253-460f-a791-050b0db16e24.jpeg; https://a0.muscache.com/im/pictures/hosting/Hosting-1378501013545202253/original/88c40927-def8-40c6-9a26-28b73e87ff18.jpeg; https://a0.muscache.com/im/pictures/hosting/Hosting-1378501013545202253/original/ef066165-cd8d-4ce2-8286-3351dd357b6f.jpeg,-1.4466068395854352,-48.48380369860912
1505775039247868400,"Apartamento confortável, bem localizado COP30",Apartamento ⋅ Marco,3553.83,0.0,0,3 quartos; 4 camas,https://a0.muscache.com/im/pictures/hosting/Hosting-1505775039247868331/original/9354ceff-c9dc-4933-ac19-7fdaad16243c.jpeg; https://a0.muscache.com/im/pictures/hosting/Hosting-1505775039247868331/original/ebe83cf5-1c8e-44dc-9b24-3d7340cc11f5.jpeg; https://a0.muscache.com/im/pictures/hosting/Hosting-1505775039247868331/original/7b095754-bd23-4876-a588-b6b116dc2c1f.jpeg; https://a0.muscache.com/im/pictures/hosting/Hosting-1505775039247868331/original/2dee56c2-0e67-457b-b30a-e4cd7cf37ed1.jpeg; https://a0.muscache.com/im/pictures/hosting/Hosting-1505775039247868331/original/210a66a6-ef7a-4d36-b8d5-79dca67a8e9b.jpeg; https://a0.muscache.com/im/pictures/hosting/Hosting-1505775039247868331/original/8267aa6b-2b6d-451d-a6af-2adf4a35d49b.jpeg,-1.432297265855717,-48.45359213294544
1440709861047255300,Exclusivo para COP30,Apartamento ⋅ Marco,4580.27,0.0,0,2 quartos; 3 camas,https://a0.muscache.com/im/pictures/hosting/Hosting-1440709861047255250/original/350ae8cd-c227-40c7-9497-28d0050ec1d3.jpeg; https://a0.muscache.com/im/pictures/hosting/Hosting-1440709861047255250/original/c452fdb3-237d-424f-9358-570cc8b96e6f.jpeg; https://a0.muscache.com/im/pictures/hosting/Hosting-1440709861047255250/original/d5e8ec4d-89dd-41a0-8eeb-cf5a30bbe1d7.jpeg; https://a0.muscache.com/im/pictures/hosting/Hosting-1440709861047255250/original/99d93424-4e98-4c25-9d68-a8bfe3e29654.jpeg; https://a0.muscache.com/im/pictures/hosting/Hosting-1440709861047255250/original/c82d48f5-4abf-45a2-aa8e-43aba78a7886.jpeg; https://a0.muscache.com/im/pictures/hosting/Hosting-1440709861047255250/original/8b848e6d-b0d7-479c-8db9-6e75d723c041.jpeg,-1.43947,-48.47095
1528243193683926800,Apartamento COP30 Umarizal - Belém,Apartamento ⋅ Belém,4451.77,0.0,0,2 quartos; 4 camas,https://a0.muscache.com/im/pictures/hosting/Hosting-U3RheVN1cHBseUxpc3Rpbmc6ODA1NzY5MzI0Mzg3MDg1MzAw/original/4a5f6012-7ebc-47c3-9f9a-e3eca678ea38.jpeg; https://a0.muscache.com/im/pictures/hosting/Hosting-805769324387085300/original/799df2a4-f5fd-4aaf-9928-8a1159291f38.jpeg; https://a0.muscache.com/im/pictures/hosting/Hosting-U3RheVN1cHBseUxpc3Rpbmc6ODA1NzY5MzI0Mzg3MDg1MzAw/original/ecffb890-ff4f-43b9-b913-e72320b52520.jpeg; https://a0.muscache.com/im/pictures/hosting/Hosting-1528243193683926716/original/355c8cd5-ad77-4efa-9284-e62950155cf5.jpeg; https://a0.muscache.com/im/pictures/hosting/Hosting-805769324387085300/original/de3963f3-318d-4386-9975-7404ec9004e7.jpeg; https://a0.muscache.com/im/pictures/hosting/Hosting-U3RheVN1cHBseUxpc3Rpbmc6ODA1NzY5MzI0Mzg3MDg1MzAw/original/da3aabbc-d11b-4133-8a8e-f74e48bc0b39.jpeg,-1.43805,-48.48424
1507253502721770000,Ed. Seven Residence - COP 30 - Belém,Apartamento ⋅ Marco,2870.58,0.0,0,2 quartos; 2 camas,https://a0.muscache.com/im/pictures/hosting/Hosting-1507253502721769997/original/42aa5557-c70d-46a8-b65c-32dc722990f2.jpeg; https://a0.muscache.com/im/pictures/hosting/Hosting-1507253502721769997/original/20eda54c-958b-4624-a28c-1b20bcf982e5.jpeg; https://a0.muscache.com/im/pictures/hosting/Hosting-1507253502721769997/original/0611004e-f4bd-48d0-a960-f25f49ffa7c2.jpeg; https://a0.muscache.com/im/pictures/hosting/Hosting-1507253502721769997/original/004fecbe-da9e-4dbd-8a8b-9161e416e092.jpeg; https://a0.muscache.com/im/pictures/hosting/Hosting-1507253502721769997/original/be9dc498-d6e7-4c57-99bd-43f234331773.jpeg; https://a0.muscache.com/im/pictures/hosting/Hosting-1507253502721769997/original/ce374a7c-eade-4060-b95c-806301c86223.jpeg,-1.4353,-48.462
1389302283150809300,Apartamento p/ a Cop30 Umarizal,Apartamento ⋅ Nazaré,4621.77,0.0,0,2 quartos; 3 camas,https://a0.muscache.com/im/pictures/hosting/Hosting-1389302283150809462/original/8919fffc-7647-460c-971a-f1884e881fd9.jpeg; https://a0.muscache.com/im/pictures/hosting/Hosting-1389302283150809462/original/544dc892-f025-459b-9b11-12c156828ed7.jpeg; https://a0.muscache.com/im/pictures/hosting/Hosting-1389302283150809462/original/a4166337-452b-402c-8fba-b5b793b66adc.jpeg; https://a0.muscache.com/im/pictures/hosting/Hosting-1389302283150809462/original/ef1467e3-65f8-42be-8736-e4e687a032f2.jpeg; https://a0.muscache.com/im/pictures/hosting/Hosting-1389302283150809462/original/563848d3-8cd1-41e5-9b16-c027e53b8cd7.jpeg; https://a0.muscache.com/im/pictures/hosting/Hosting-1389302283150809462/original/30e2c714-0330-4694-9c5e-90a983a8c424.jpeg,-1.4463,-48.4799
1487724416506942500,Alugo Apartamento para COP 30,Apartamento ⋅ Marambaia,5605.46,0.0,0,2 quartos; 3 camas,https://a0.muscache.com/im/pictures/hosting/Hosting-1487724416506942353/original/4309866c-eaad-4680-8577-777f342d1e99.jpeg; https://a0.muscache.com/im/pictures/hosting/Hosting-1487724416506942353/original/2e629d53-9690-4df3-aa12-e511d8a0f410.jpeg; https://a0.muscache.com/im/pictures/hosting/Hosting-1487724416506942353/original/1b6e16f7-0a98-4135-b155-494225111532.jpeg; https://a0.muscache.com/im/pictures/hosting/Hosting-1487724416506942353/original/2d0507c1-6f90-4ab9-a234-5c2c7a30ca17.jpeg; https://a0.muscache.com/im/pictures/hosting/Hosting-U3RheVN1cHBseUxpc3Rpbmc6MTQ4NzcyNDQxNjUwNjk0MjM1Mw==/original/4e07812d-32e2-4e3f-abee-9bf6f6f07d0a.jpeg; https://a0.muscache.com/im/pictures/hosting/Hosting-U3RheVN1cHBseUxpc3Rpbmc6MTQ4NzcyNDQxNjUwNjk0MjM1Mw==/original/d13f6b6f-8c2e-4c4e-9810-cbffc649e748.jpeg,-1.4036,-48.4527
1511159094800030500,Cobertura duplex 180m2 ótima localização,Apartamento ⋅ Umarizal,5492.9,0.0,0,3 quartos; 6 camas,https://a0.muscache.com/im/pictures/hosting/Hosting-1511159094800030588/original/8a53241f-8d7c-48cd-a6a2-cb8fe83b88f2.jpeg; https://a0.muscache.com/im/pictures/hosting/Hosting-1511159094800030588/original/1e7a35b6-6c91-4fb7-905f-0f2e511a7e4c.jpeg; https://a0.muscache.com/im/pictures/hosting/Hosting-1511159094800030588/original/7bfc8acf-2dcf-4d5e-b3d5-819866728355.jpeg; https://a0.muscache.com/im/pictures/hosting/Hosting-1511159094800030588/original/46067ec1-682e-4a0e-92f0-3e04635bb4e9.jpeg; https://a0.muscache.com/im/pictures/hosting/Hosting-1511159094800030588/original/abda9abf-cbdf-4b89-a4f5-13a88d6f35dc.jpeg; https://a0.muscache.com/im/pictures/hosting/Hosting-1511159094800030588/original/5b99be6c-2139-474e-87f3-ed4c88e7b981.jpeg,-1.4346,-48.4883
1191931191073626000,Apartamento mobiliado com área de lazer completa,Apartamento ⋅ Batista Campos,2289.16,4.89,19,1 quarto; 1 cama,https://a0.muscache.com/im/pictures/miso/Hosting-1191931191073626061/original/bdc1851f-95c5-4abf-904f-26583c1d3a75.jpeg; https://a0.muscache.com/im/pictures/hosting/Hosting-1191931191073626061/original/36375048-a44b-49ce-8bf9-ed58370cb16a.jpeg; https://a0.muscache.com/im/pictures/hosting/Hosting-1191931191073626061/original/fb195940-8a0f-4ef3-a51f-eb45e0986f02.jpeg; https://a0.muscache.com/im/pictures/hosting/Hosting-1191931191073626061/original/d1db7c16-110e-49a2-82bd-edf49a7e9280.jpeg; https://a0.muscache.com/im/pictures/hosting/Hosting-1191931191073626061/original/675d4c90-5fe0-4994-8558-d6dd6135ec67.jpeg; https://a0.muscache.com/im/pictures/hosting/Hosting-1191931191073626061/original/6b058d54-af53-4c7b-b73e-f42efa2e06bd.jpeg,-1.4646,-48.491
1512656422203747300,apartamento confortável e seguro,Apartamento ⋅ Umarizal,7679.3,0.0,0,4 quartos; 4 camas,https://a0.muscache.com/im/pictures/hosting/Hosting-1512639539065566383/original/f40d6796-86a4-45e7-bcb6-7a7575451083.jpeg; https://a0.muscache.com/im/pictures/hosting/Hosting-1512656422203747400/original/9aa4e3d8-072e-4f14-820c-cfe4b269eaba.jpeg; https://a0.muscache.com/im/pictures/hosting/Hosting-1512656422203747400/original/da65a9b8-7528-4b8d-b302-d45d1929949f.jpeg; https://a0.muscache.com/im/pictures/hosting/Hosting-1512656422203747400/original/7e8672f3-4dca-450d-ad21-e3b6201484f2.jpeg; https://a0.muscache.com/im/pictures/hosting/Hosting-1512656422203747400/original/3c186f99-10a1-4931-8eb6-f345c487367e.jpeg; https://a0.muscache.com/im/pictures/hosting/Hosting-1512656422203747400/original/df06f8d7-7631-4a5f-ba7a-1543e26445b4.jpeg,-1.446132432730076,-48.48247629205904
1522784331376123600,Soft Room 02 Umarizal: Belém COP 30,Lugar para ficar em Belém,1434.44,0.0,0,1 quarto; 1 cama,https://a0.muscache.com/im/pictures/hosting/Hosting-1522784331376123751/original/176facb1-58b1-4c85-a51c-61b17eac57eb.jpeg; https://a0.muscache.com/im/pictures/hosting/Hosting-1522784331376123751/original/63232d98-413b-4773-bba1-a3fc7c368d9f.jpeg; https://a0.muscache.com/im/pictures/hosting/Hosting-1522784331376123751/original/a3e81a34-cfd5-477c-be05-31a312c6bea4.jpeg; https://a0.muscache.com/im/pictures/hosting/Hosting-1522784331376123751/original/c04d9899-fe83-49ec-9095-338ea6b9d516.jpeg; https://a0.muscache.com/im/pictures/hosting/Hosting-1522784331376123751/original/79b949d9-1c8b-41a7-a379-acd7ded9ea7f.jpeg; https://a0.muscache.com/im/pictures/hosting/Hosting-1522784331376123751/original/50fd18e1-c204-48fc-a923-d7520d5172b4.jpeg,-1.44909,-48.48439
1508872365528973800,"Acomodação para COP 30. Espaço, Conforto e Lazer.",Casa ⋅ Telégrafo,3594.71,0.0,0,2 quartos; 3 camas,https://a0.muscache.com/im/pictures/hosting/Hosting-1508872365528973828/original/dd996f9a-20d7-4223-a16e-22b2e0e5bbb2.jpeg; https://a0.muscache.com/im/pictures/hosting/Hosting-1508872365528973828/original/4cfd72b2-2ef8-49aa-a0d6-27276fd06a32.jpeg; https://a0.muscache.com/im/pictures/hosting/Hosting-1508872365528973828/original/38c4a9c1-41c9-4649-8abe-5c5581a59122.jpeg; https://a0.muscache.com/im/pictures/hosting/Hosting-1508872365528973828/original/5c2ee0cf-c28e-444d-8b84-98119cfd21f5.jpeg; https://a0.muscache.com/im/pictures/hosting/Hosting-1508872365528973828/original/125c96fe-dda1-46b5-b5d2-26a0f30f2fd7.jpeg; https://a0.muscache.com/im/pictures/hosting/Hosting-1508872365528973828/original/3733d092-1b23-43db-906b-ab0c7530fa1e.jpeg,-1.4226,-48.4874
1523991494337620000,Versátil Apartamento | COP30 | Localização Central,Apartamento ⋅ Belém,4144.59,0.0,0,1 quarto; 1 cama de casal,https://a0.muscache.com/im/pictures/hosting/Hosting-1523991494337619955/original/16ba989a-6d95-4e08-a86a-3bdfb6fb658d.jpeg; https://a0.muscache.com/im/pictures/hosting/Hosting-1523991494337619955/original/46a95bcf-43ae-4773-8eaf-c74572c85a12.jpeg; https://a0.muscache.com/im/pictures/hosting/Hosting-1523991494337619955/original/54405fd1-704b-46b0-9090-ff72515e727d.jpeg; https://a0.muscache.com/im/pictures/hosting/Hosting-1523991494337619955/original/64f2752e-9a73-4713-99bb-d524438d65a6.jpeg; https://a0.muscache.com/im/pictures/hosting/Hosting-1523991494337619955/original/6ab1ce00-cd4b-4711-afb6-2e1310ad0725.jpeg; https://a0.muscache.com/im/pictures/hosting/Hosting-1523991494337619955/original/b2a294b7-5700-435d-a585-8cc4c36dd6c5.jpeg,-1.439117019034596,-48.4845187290937
1485536011380175000,Aluguel para COP 30,Apartamento ⋅ Val-de-Cães,1483.53,0.0,0,2 quartos; 3 camas,https://a0.muscache.com/im/pictures/hosting/Hosting-1485536011380175144/original/182c331d-242b-4d73-975d-aa0554c9a0ca.jpeg; https://a0.muscache.com/im/pictures/hosting/Hosting-1485536011380175144/original/753a3af0-0675-41ee-901d-ecae43535433.jpeg; https://a0.muscache.com/im/pictures/hosting/Hosting-1485536011380175144/original/206d7ca9-80e7-4900-be55-b52fead44c75.png; https://a0.muscache.com/im/pictures/hosting/Hosting-1485536011380175144/original/fdd3ac70-e6e5-4341-a6f5-97edfaf129fa.jpeg; https://a0.muscache.com/im/pictures/hosting/Hosting-1485536011380175144/original/b2758988-8dfd-493b-b348-84535516ad3f.jpeg; https://a0.muscache.com/im/pictures/hosting/Hosting-1485536011380175144/original/660bc039-b21a-405c-afc2-0290b7d35861.jpeg,-1.3951,-48.475
1489466890851064300,AP em região da COP 30,Apartamento ⋅ Fátima,8039.12,0.0,0,2 quartos; 2 camas,https://a0.muscache.com/im/pictures/hosting/Hosting-1489466890851064429/original/e3024256-6c27-4b55-8389-2d22e01a07f0.jpeg; https://a0.muscache.com/im/pictures/hosting/Hosting-1489466890851064429/original/6b0b309e-9158-4600-a0fb-d7411b52ad5b.jpeg; https://a0.muscache.com/im/pictures/hosting/Hosting-1489466890851064429/original/9f967d23-e0d1-47ca-8e3b-f22e069c9004.jpeg; https://a0.muscache.com/im/pictures/hosting/Hosting-1489466890851064429/original/f37b8402-b00e-4acb-90a6-5567f1b4b73d.jpeg; https://a0.muscache.com/im/pictures/hosting/Hosting-1489466890851064429/original/01534980-fcc8-4df1-8652-49d109778228.jpeg; https://a0.muscache.com/im/pictures/hosting/Hosting-U3RheVN1cHBseUxpc3Rpbmc6MTQ4OTQ2Njg5MDg1MTA2NDQyOQ==/original/c3f3df61-c798-42db-916a-abb64b0cc737.jpeg,-1.4441,-48.4751
